cpu_mean,cpu_max,cpu_variance,ram_mean,ram_growth_rate,network_mean,disk_io_mean,process_count_mean,thread_count_mean,vscode_active,browser_active,compiler_active,cluster_id,workload_label
7.7501,21.9273,20.8673,28.2402,-1.1228,0.0072,6.7207,456,55.0539,1,1,0,3,Coding
9.0564,31.5024,12.9252,42.0235,1.8634,0.1172,1.6219,469,140.9608,0,1,0,0,Video_Call
5.1864,7.7482,1.0101,28.0743,0.0487,0.009,0.1812,443,44.3023,0,0,0,2,Idle
9.765,30.3919,17.7708,52.7885,3.7221,0.0476,1.4844,460,143.767,1,1,0,5,Browsing
10.851,24.4806,12.8864,38.7642,1.312,0.1115,1.8707,489,120.108,0,1,0,0,Video_Call
6.255,21.0398,17.7187,44.3696,-0.9518,0.0325,2.1824,454,123.4108,0,1,0,0,Video_Call
3.0949,5.8792,1.5765,28.6378,0.3914,0.0067,0.9533,441,48.0405,0,0,0,2,Idle
11.0811,24.3925,26.5937,38.6591,8.6404,0.0245,3.2347,493,124.321,0,1,0,5,Browsing
3.2045,7.5565,1.6958,32.8823,0.2387,0.0045,0.0,452,51.0064,0,0,0,2,Idle
13.0698,24.7053,12.4825,38.6599,1.3645,0.0798,0.501,475,92.386,0,1,0,0,Video_Call
0.966,2.3692,0.9807,27.6122,-0.6147,0.0041,1.2866,448,47.0494,0,0,0,2,Idle
8.4217,18.9571,21.3948,38.1018,3.7891,0.0394,1.7547,494,114.8663,0,1,0,5,Browsing
1.477,4.9699,1.5954,29.4279,0.5397,0.0045,0.5357,437,43.4911,0,0,0,2,Idle
66.4937,77.4049,2.9478,65.701,0.0209,0.0089,2.4637,480,132.4706,0,0,0,1,Gaming
7.9778,19.0591,20.1445,59.1323,-0.2768,0.0538,1.7065,461,135.0875,0,1,0,0,Video_Call
11.1876,25.6261,19.2785,44.9866,11.1937,0.0468,1.6461,468,138.7388,0,1,0,5,Browsing
81.371,91.9749,4.4687,69.097,7.2317,-0.0006,18.7209,504,159.4662,1,0,1,4,Compiling
73.9387,83.967,4.7134,70.7403,0.9784,0.0136,4.3197,479,122.3099,0,0,0,1,Gaming
59.2719,70.844,4.4262,68.7058,0.3221,0.0667,1.2049,466,102.7949,0,0,0,1,Gaming
58.9522,74.886,4.2177,84.3183,0.1443,0.0516,1.3635,470,113.9154,0,0,0,1,Gaming
3.1071,5.8398,0.6891,30.2055,0.0984,0.0047,0.5025,448,58.2358,0,0,0,2,Idle
8.0085,16.0567,20.3356,35.0009,-0.6225,0.0093,5.5794,453,61.7525,1,1,0,3,Coding
7.5351,23.9791,15.0494,39.7752,2.307,0.0598,0.7328,474,128.6928,0,1,0,0,Video_Call
9.66,22.1011,21.8748,35.3853,0.1117,0.0095,6.6678,457,62.7321,1,1,0,3,Coding
3.0907,7.1512,0.8267,28.4495,1.0019,-0.0035,0.3263,456,44.5427,0,0,0,2,Idle
5.2951,18.97,24.9803,29.8108,1.2895,0.0047,4.9305,455,64.1708,1,1,0,3,Coding
72.2053,82.9839,2.3683,77.0101,-0.1727,0.0323,2.2002,450,131.799,0,0,0,1,Gaming
16.5871,37.5469,18.0331,57.4968,-1.1957,0.0979,1.3142,456,116.6117,0,1,0,0,Video_Call
67.4094,78.1042,2.7243,72.5742,-0.5376,0.0586,2.1646,435,139.1641,0,0,0,1,Gaming
9.548,20.7805,22.1868,39.0723,8.1172,0.0471,2.9679,472,107.4594,0,1,0,5,Browsing
11.9323,26.1169,15.4708,50.4546,2.3175,0.0455,0.4729,487,117.0425,0,1,0,0,Video_Call
80.6629,89.6034,6.8405,52.0015,8.4676,0.0048,19.4869,510,166.2612,0,1,1,4,Compiling
7.4127,18.6986,24.5093,28.8973,2.5653,0.0045,6.1893,452,59.7587,1,1,0,3,Coding
10.8825,28.8312,18.4929,38.5361,3.3386,0.0778,0.942,480,150.2861,0,1,0,0,Video_Call
10.5052,21.2105,21.4699,30.284,1.0328,0.0091,6.2273,460,65.9085,1,1,0,3,Coding
8.9284,33.4201,17.3041,44.4892,3.4314,0.1054,1.8944,463,135.9487,1,1,0,0,Video_Call
3.4124,6.7374,1.5266,33.3914,0.8998,0.0037,0.7855,442,58.6531,0,0,0,2,Idle
78.6221,89.2421,6.8198,57.242,6.9476,-0.0072,18.4687,478,211.7417,1,1,1,4,Compiling
80.8042,90.5435,4.495,74.3328,0.2013,0.0537,1.8948,466,126.9525,0,0,0,1,Gaming
7.7889,20.3313,21.7412,30.3895,2.1589,0.0102,5.8593,455,67.162,1,1,0,3,Coding
8.2864,17.4412,21.9059,32.2326,0.5669,0.0107,5.8358,453,53.9291,1,1,0,3,Coding
75.6766,90.1811,3.1401,79.5187,-0.1239,0.072,3.254,471,116.6531,0,0,0,1,Gaming
8.9997,29.0868,15.7135,48.6864,1.5438,0.0602,1.2733,488,104.9495,0,1,0,0,Video_Call
2.8794,5.9391,0.6673,33.8162,0.3085,0.0059,1.002,439,51.0547,0,0,0,2,Idle
80.7554,89.7948,5.4358,48.3177,5.542,0.0079,23.7569,516,161.2924,1,1,1,4,Compiling
67.126,79.6436,3.302,71.7718,0.2094,0.0653,2.0958,462,126.1965,0,0,0,1,Gaming
10.021,21.6796,20.3735,47.2545,6.8201,0.0304,0.7212,455,106.189,0,1,0,5,Browsing
7.7832,28.1423,12.6017,44.8648,2.5266,0.1061,0.2835,477,126.914,0,1,0,0,Video_Call
4.017,7.0086,0.8499,33.4002,0.0352,0.0078,1.3096,446,48.7191,0,0,0,2,Idle
4.9168,15.6836,16.8233,46.1168,8.439,0.0413,1.5271,481,116.4789,0,1,0,5,Browsing
80.6011,91.6451,4.7596,75.4844,1.8894,-0.0029,19.5865,468,186.3928,1,0,1,4,Compiling
3.4728,7.7811,0.754,37.3658,-0.2621,0.0017,0.5357,447,46.9155,0,0,0,2,Idle
1.7158,3.9987,1.1709,28.7961,-0.5948,0.0005,0.4622,440,54.731,0,0,0,2,Idle
7.4434,24.2026,17.0741,45.5984,1.5626,0.0565,1.4531,467,103.8934,0,1,0,0,Video_Call
10.1525,25.0913,21.0985,35.0655,0.33,0.0046,6.2233,458,61.3693,1,0,0,3,Coding
11.1419,22.6436,11.9695,54.4071,-0.1955,0.0861,1.2791,473,146.347,0,1,0,0,Video_Call
10.446,37.9458,15.2867,51.1643,2.1391,0.074,1.0681,456,155.961,0,1,0,0,Video_Call
9.868,19.9465,15.5321,36.3632,0.8701,0.0063,6.5732,459,61.7816,1,1,0,3,Coding
3.1955,5.6953,1.4933,32.048,-0.436,0.0057,0.4219,436,43.1097,0,0,0,2,Idle
11.5771,29.6974,12.0566,55.9013,0.6662,0.0771,0.9063,470,108.512,0,1,0,0,Video_Call
5.702,25.4436,16.0296,49.0456,1.7926,0.049,1.0085,465,111.5346,1,1,0,3,Coding
8.2863,21.2907,22.8189,37.6236,-0.0297,0.015,6.2868,461,66.1854,1,1,1,3,Coding
5.5585,14.5002,13.3851,50.8306,1.6691,0.103,0.6856,459,123.4249,0,0,0,0,Video_Call
11.804,25.3534,18.6265,50.4247,3.7706,0.1139,1.0762,458,161.095,0,1,0,0,Video_Call
4.3479,6.7115,0.77,28.0017,-0.0611,0.0022,0.141,447,43.3741,0,0,0,2,Idle
72.3127,77.9963,3.3064,69.605,5.6006,-0.0082,23.8938,471,168.3817,1,0,1,4,Compiling
4.6548,7.9766,1.577,27.668,-0.2981,-0.0031,1.4838,446,45.4348,0,0,0,2,Idle
5.271,16.6402,20.9872,29.2365,-0.6013,0.0096,5.6767,447,58.4079,1,1,0,3,Coding
7.2242,16.0921,24.7426,33.5864,-0.3533,0.0079,4.5999,460,54.2042,1,1,0,3,Coding
15.4341,25.8308,15.7099,40.7329,0.3579,0.0844,0.7453,467,145.8948,0,1,0,0,Video_Call
7.0161,18.1778,14.922,34.6884,0.9202,0.0082,5.2208,451,62.5402,1,0,0,3,Coding
5.4266,17.7256,17.397,54.7313,3.0882,0.0688,0.9012,467,101.7107,0,1,0,0,Video_Call
63.5913,79.5901,2.1545,69.9737,0.2974,0.0093,0.9414,487,153.1151,0,0,0,1,Gaming
6.4821,17.9734,19.961,28.1059,-0.5975,0.0126,5.5783,451,66.1229,1,0,0,3,Coding
12.2305,23.2288,15.7325,45.8545,5.4687,0.0362,1.8074,490,148.4246,1,1,0,5,Browsing
80.1475,89.6692,5.0025,57.1299,4.4068,0.0122,18.7968,506,173.2313,1,1,1,4,Compiling
3.5737,6.2691,0.773,28.5248,0.1141,0.0002,1.2696,426,48.9334,0,0,0,2,Idle
70.8607,75.8807,2.7756,56.6389,8.5228,-0.0105,28.6026,477,170.2738,1,0,1,4,Compiling
10.4954,20.4103,20.0173,34.0587,-1.0929,0.0062,6.0334,451,58.9266,1,1,0,3,Coding
11.3551,17.1409,13.7853,40.9512,9.2886,0.0318,2.4661,495,127.9859,0,1,0,5,Browsing
11.4372,28.7147,18.2159,40.9693,3.403,0.0886,1.161,454,123.205,0,0,0,0,Video_Call
80.024,88.8943,5.5249,75.2056,7.1464,0.0005,27.0976,511,152.7476,1,0,1,4,Compiling
93.5603,100.0,5.81,64.9754,6.6875,-0.008,28.4348,493,142.7664,1,0,1,4,Compiling
3.2524,4.6047,2.0499,30.8103,-0.5613,0.0093,1.7477,425,52.4184,0,0,0,2,Idle
8.9701,27.3031,20.7018,49.1366,2.6047,0.0911,1.2381,457,112.0641,1,1,0,0,Video_Call
9.9158,26.6601,15.741,47.3915,4.0277,0.0672,0.9753,459,111.8791,0,1,0,0,Video_Call
10.5034,16.1029,15.6137,49.2986,3.6276,0.0325,1.7255,468,100.1206,0,1,0,5,Browsing
13.5922,29.8391,15.6458,45.1968,-1.1789,0.0856,1.2487,481,133.0996,0,1,0,0,Video_Call
46.2634,62.1505,1.4708,80.4112,0.4273,0.0047,2.4929,452,146.4269,0,0,0,1,Gaming
8.4315,21.5322,16.789,54.2831,5.7211,0.0548,1.2826,477,117.7087,0,1,0,5,Browsing
3.4062,5.4555,1.2066,29.6968,-0.8746,0.0021,0.0202,452,51.9359,0,0,0,2,Idle
87.6597,93.1808,3.1343,68.1616,3.913,0.0096,29.2605,507,196.1557,1,0,1,4,Compiling
9.1313,21.8164,19.5576,33.035,2.4458,0.0087,4.6197,458,60.3084,1,1,0,3,Coding
74.2353,82.6683,3.3458,79.2206,0.684,0.0426,1.0354,448,117.9269,0,0,0,1,Gaming
8.7021,28.1078,21.039,45.9834,11.1465,0.0385,1.6181,498,125.6062,0,1,0,5,Browsing
89.356,98.8249,2.3933,79.6113,4.4228,0.0045,17.7261,503,169.8452,1,0,1,4,Compiling
5.1503,14.7301,13.252,35.2503,10.0233,0.0307,1.9138,472,99.2817,1,1,0,5,Browsing
10.5229,24.2067,18.6203,36.8351,-0.5432,0.013,5.6477,452,62.3361,1,0,0,3,Coding
7.5421,26.8478,16.3753,47.5482,4.3936,0.0342,1.7393,482,110.2855,0,1,0,5,Browsing
5.2012,7.172,0.9297,29.0423,-0.3446,0.0077,1.085,437,45.082,0,0,0,2,Idle
10.833,26.3266,17.4744,59.2066,2.2371,0.0801,1.7449,458,110.5591,0,1,0,0,Video_Call
2.2714,7.6029,0.9821,32.58,0.0378,0.0008,0.7173,431,43.1603,0,0,0,2,Idle
10.1774,26.6621,17.8802,46.977,3.4194,0.0422,2.1508,474,105.9642,1,1,0,5,Browsing
3.1739,5.1954,0.0,31.508,-0.3245,0.0102,0.34,429,54.1257,0,0,0,2,Idle
12.6725,32.4036,17.3546,39.9613,2.3415,0.0986,0.4499,464,144.3425,0,1,0,0,Video_Call
3.3297,5.7106,1.2856,27.8181,0.3626,0.0087,1.4186,447,48.1131,0,0,0,2,Idle
9.0259,19.9602,10.0424,49.595,3.3251,0.0598,1.9671,453,121.3169,0,1,0,0,Video_Call
9.8872,22.1446,20.7696,30.6151,0.7279,0.0082,5.2055,459,59.7807,1,1,1,3,Coding
8.0523,20.5909,22.4174,35.1302,-1.3743,0.0104,6.4881,450,56.6109,1,1,0,3,Coding
5.9402,17.2072,12.9686,42.1269,1.8508,0.1119,1.5106,490,136.4007,0,1,0,0,Video_Call
79.2647,87.0027,4.1,59.1719,8.5823,-0.0038,22.4024,499,192.4637,0,0,0,4,Compiling
69.6959,75.2389,5.7349,51.1961,2.0377,0.0113,33.1708,458,151.7026,1,0,1,4,Compiling
70.3051,83.0797,3.7852,74.7424,-0.1567,0.0284,2.8019,459,132.7247,0,0,0,1,Gaming
9.9695,21.8125,15.8033,51.9755,1.9417,0.0756,1.547,465,114.8096,0,1,0,0,Video_Call
10.2525,19.3219,20.9668,35.7219,-0.2287,0.0143,5.016,455,61.4151,1,1,0,3,Coding
11.1847,18.5971,22.5992,33.4274,-0.4925,0.0071,4.5403,462,57.9554,1,1,1,3,Coding
16.0866,31.8242,14.6131,45.1541,4.1391,0.0903,0.6358,464,141.6534,0,1,0,0,Video_Call
9.0922,20.6543,18.1947,40.8055,0.4826,0.0099,5.5678,448,55.1997,1,1,0,3,Coding
11.742,25.2531,13.041,59.5841,2.4993,0.0732,0.8348,462,131.544,0,1,0,0,Video_Call
9.1167,27.8708,17.5182,47.3485,4.4391,0.077,1.4236,471,111.1104,0,1,0,0,Video_Call
81.2869,92.8042,4.9217,66.4761,2.6403,0.0123,18.5849,523,166.8125,1,0,1,4,Compiling
7.4416,20.7796,19.4069,52.5658,11.7259,0.0446,1.9586,468,136.7207,0,1,0,5,Browsing
72.0782,84.9861,1.3194,77.0603,0.1675,0.0192,1.8196,481,112.3746,0,0,0,1,Gaming
66.5992,75.2749,3.8215,65.811,-0.5996,0.0352,2.6496,472,117.5649,0,0,0,1,Gaming
6.7087,15.59,19.1123,32.7228,-1.9826,0.0106,6.645,452,63.6176,1,0,1,3,Coding
2.775,4.7551,1.5676,27.1502,-0.6926,0.002,1.3396,437,61.0449,0,0,0,2,Idle
83.2819,91.2468,6.7943,60.4598,6.299,0.0038,26.0896,468,175.0817,1,0,1,4,Compiling
75.8861,83.6411,3.4024,66.3321,5.1013,0.0057,21.5626,514,162.1952,1,0,1,4,Compiling
76.5957,84.66,4.8245,65.5013,4.5145,-0.0106,25.245,515,194.4518,1,0,1,4,Compiling
6.9827,19.9521,17.0944,53.598,4.1145,0.0657,2.1682,437,155.4032,0,1,0,0,Video_Call
8.9169,22.7722,21.3406,45.9374,2.9318,0.0101,1.2134,480,139.4932,0,1,0,5,Browsing
8.1209,15.695,17.7989,35.0361,4.6257,0.0358,1.8675,471,79.1995,0,1,0,5,Browsing
11.8157,30.899,23.3228,51.0152,6.7946,0.0545,1.3563,448,111.0776,0,1,0,5,Browsing
8.568,27.3387,14.3308,46.0327,2.3504,0.0467,0.8972,484,111.1045,0,1,0,0,Video_Call
10.252,30.3998,14.3703,46.1582,3.586,0.0814,1.211,481,154.8652,0,1,0,0,Video_Call
4.2828,5.6389,1.505,25.6773,-0.1622,0.0103,0.9848,444,50.7806,0,0,0,2,Idle
77.4626,84.8403,4.0451,70.7859,2.3225,-0.0044,18.9582,484,157.3904,1,0,1,4,Compiling
73.5937,83.6337,7.2214,64.1614,1.0727,0.0016,22.0498,514,137.1506,1,1,1,4,Compiling
76.4236,87.5458,1.0533,72.9759,-0.3589,0.03,0.0,450,160.4038,0,0,0,1,Gaming
7.5379,17.069,19.4284,48.4311,4.3414,0.0595,1.1353,477,131.0398,0,1,0,5,Browsing
51.7203,65.061,2.5079,71.3313,0.0338,0.0656,1.5716,468,141.4903,0,0,0,1,Gaming
76.9038,89.0966,1.8135,67.3039,0.1825,0.0085,3.3209,478,121.678,0,0,0,1,Gaming
63.6383,69.9301,4.469,66.2766,-0.0287,0.0412,2.5037,465,107.5899,0,0,0,1,Gaming
64.9436,75.8236,3.433,64.0692,-0.4141,0.0068,2.8918,452,125.3273,0,0,0,1,Gaming
7.4634,16.7164,19.7909,55.9893,9.7946,0.0209,2.6176,473,109.2877,1,1,0,5,Browsing
7.5697,25.6986,15.4842,55.0488,0.7595,0.084,1.2271,481,128.5969,0,1,0,0,Video_Call
9.7131,19.0699,12.8417,41.6098,4.1881,0.0235,2.5124,479,108.4756,0,1,0,5,Browsing
6.1497,18.9855,11.9153,42.3753,7.3705,0.0258,1.4565,468,97.5368,0,1,0,5,Browsing
62.821,75.2579,4.2914,66.7515,0.0411,0.0121,1.0941,461,126.8869,0,0,0,1,Gaming
2.5351,4.466,1.2462,28.5712,-0.5312,0.0031,1.3588,438,42.9418,0,0,0,2,Idle
6.5062,20.1749,17.1411,43.5152,6.7955,0.0361,2.239,480,133.3633,0,1,0,5,Browsing
79.0231,84.2949,4.5202,64.2863,3.7769,-0.003,19.5216,499,191.1216,1,0,1,4,Compiling
10.8299,28.2092,13.4815,50.1161,-1.0755,0.0879,0.938,476,133.8635,0,0,0,0,Video_Call
13.7118,30.7757,10.7799,44.4913,1.7382,0.091,1.4729,450,155.7249,0,1,0,0,Video_Call
3.6075,4.7357,1.1316,33.86,0.0348,0.0079,0.6553,435,44.4127,0,0,0,2,Idle
7.0347,18.9229,24.1186,32.3504,-0.0382,0.0118,6.5598,455,65.8365,1,1,0,3,Coding
8.6783,19.7839,19.7896,46.9852,4.6883,0.0654,2.0685,475,129.2354,0,1,0,5,Browsing
58.5196,74.4044,3.1211,66.4819,-0.3095,0.0563,1.5252,463,151.5453,0,0,0,1,Gaming
70.9856,85.2426,2.122,74.4214,-0.1198,0.0507,2.6618,455,121.3371,0,0,0,1,Gaming
5.5603,22.5503,15.6724,48.7785,1.1724,0.1067,0.5094,484,114.899,0,1,0,0,Video_Call
73.8603,91.0421,3.4187,59.9839,0.3552,0.0308,1.7754,448,124.8824,0,0,0,1,Gaming
4.8209,5.886,1.4095,28.1358,-0.4683,0.0092,0.0,446,49.7561,1,0,0,2,Idle
3.2443,6.7771,0.1399,29.2886,-0.1912,0.0043,0.362,439,39.8954,1,0,0,2,Idle
4.9504,6.0768,1.055,35.2283,-0.8031,0.0098,0.0594,441,45.9648,0,0,0,2,Idle
81.0452,88.8131,5.7238,63.7194,10.9962,-0.0083,20.3374,487,171.2646,1,1,1,4,Compiling
8.9052,30.5693,20.6254,55.693,0.6899,0.1049,0.7479,462,137.8595,0,1,0,0,Video_Call
9.7169,23.6626,20.4697,33.3251,-0.9423,0.01,6.1778,456,55.5237,1,1,0,3,Coding
87.2677,95.7821,5.9562,58.7787,7.3615,0.0087,20.5496,542,161.1575,1,0,1,4,Compiling
10.844,20.5607,19.423,49.9089,2.7359,0.0884,1.0125,469,146.9276,0,1,0,0,Video_Call
7.9824,28.9186,14.2688,38.2172,-0.6579,0.0853,1.2621,450,95.7877,0,1,0,0,Video_Call
9.6669,20.1311,24.6968,31.3899,0.3288,0.0083,4.5964,461,66.7561,1,1,0,3,Coding
8.3974,16.1843,19.3969,29.9397,-0.1505,0.01,5.7326,455,58.8219,1,0,0,3,Coding
2.583,7.313,2.091,28.0568,1.1743,0.0005,0.6746,456,42.5913,0,0,0,2,Idle
2.9788,4.7952,0.5868,31.4348,-0.0192,0.0033,0.6144,454,48.4389,0,0,0,2,Idle
4.356,6.7249,1.1235,29.8441,-0.0047,0.0106,0.956,426,53.364,0,0,0,2,Idle
7.9489,22.1907,22.3418,31.7421,-0.4276,0.0095,3.5713,446,65.8873,1,1,0,3,Coding
59.8706,73.0724,2.5172,76.9218,-0.1054,0.0134,3.0359,435,103.0766,0,0,0,1,Gaming
67.7064,83.0642,2.912,79.5446,0.2148,0.0733,3.3016,488,145.3659,0,0,0,1,Gaming
5.797,9.9354,0.2607,31.0938,0.3305,0.003,0.359,447,47.605,0,0,0,2,Idle
4.9513,7.2489,1.101,33.83,-0.2594,-0.0011,1.3205,445,34.0088,0,0,0,2,Idle
10.7516,30.4733,16.3196,48.5831,1.5292,0.13,1.4847,450,138.1844,0,1,0,0,Video_Call
4.8634,8.0431,1.5376,33.8019,-0.4221,0.0081,0.5569,451,45.8453,0,0,0,2,Idle
67.8806,81.7685,2.4453,75.8083,0.687,0.0564,2.997,489,157.3201,0,0,0,1,Gaming
4.6792,8.6462,0.4358,31.4359,0.5264,0.0095,1.3709,437,51.0904,0,0,0,2,Idle
5.0476,16.3929,20.6966,44.394,1.4067,0.0595,1.1612,462,134.4278,0,1,0,0,Video_Call
4.9234,9.2621,1.5791,28.6953,-0.912,0.0016,1.0573,446,54.0336,0,0,0,2,Idle
3.5657,5.2702,1.4338,29.0506,-0.894,0.0087,0.8766,450,46.1829,0,0,0,2,Idle
6.998,19.3586,14.7759,55.5937,0.6326,0.0867,0.5331,481,115.486,0,1,0,0,Video_Call
6.5317,18.7822,18.9151,36.496,-1.0421,0.0103,5.6075,454,64.5052,1,1,0,3,Coding
8.4632,21.9739,22.643,32.6919,1.6829,0.0114,5.0774,453,56.9301,1,1,0,3,Coding
5.3103,6.4711,0.3998,27.776,0.1033,0.005,0.9499,441,49.8666,1,0,0,2,Idle
88.3009,95.8603,3.9264,50.7573,3.0126,0.0037,28.0974,492,194.436,1,0,1,4,Compiling
4.58,8.2942,1.6013,27.6783,-0.2156,0.0076,0.5643,440,37.9685,0,0,0,2,Idle
10.8061,19.4124,20.8807,40.7217,6.1059,0.0351,1.5504,500,111.1477,0,1,0,5,Browsing
9.2238,24.6575,23.3576,53.1615,4.3925,0.0425,0.9805,466,95.2331,0,1,0,5,Browsing
8.7532,18.7139,20.2743,33.876,0.1789,0.0068,6.0982,449,64.652,1,1,0,3,Coding
11.5466,26.6002,10.6658,51.7701,2.0802,0.0647,0.8183,469,129.6415,0,1,0,0,Video_Call
2.8717,5.8561,1.4314,33.4091,0.5416,0.01,0.8836,432,54.9426,0,0,0,2,Idle
5.0954,20.2353,17.8575,47.4928,7.4699,0.0567,1.3975,489,111.7969,0,1,0,5,Browsing
8.4618,18.8768,17.6158,34.2157,-0.1652,0.0107,6.038,453,58.3417,1,1,0,3,Coding
10.1603,27.8546,13.7252,36.0689,2.5946,0.1003,1.4918,486,127.0414,0,1,0,0,Video_Call
9.851,18.6978,15.4383,51.6781,1.2651,0.0631,1.4537,473,133.8099,0,1,0,0,Video_Call
4.0488,6.0105,1.0459,29.795,0.5888,0.0048,0.7545,440,44.6972,0,0,0,2,Idle
8.4406,19.868,21.6194,32.0973,-0.1195,0.0075,6.7483,442,66.1399,1,0,0,3,Coding
8.9856,17.3609,19.1382,31.5858,1.1736,0.0094,5.4457,453,65.8838,1,1,0,3,Coding
69.8639,83.9683,3.1002,64.117,0.9361,0.0107,1.5419,518,142.6772,0,0,0,1,Gaming
73.0563,79.921,6.6758,63.9027,5.5757,-0.0047,23.9276,469,184.5747,1,0,1,4,Compiling
79.3439,85.9314,5.7195,65.5119,4.0384,-0.0021,26.301,525,175.5481,1,0,1,4,Compiling
60.1323,70.138,4.7458,77.4033,-0.2219,0.0366,0.712,459,120.3154,0,0,0,1,Gaming
69.3455,78.5255,2.1487,69.7603,0.4763,0.0718,2.9444,460,139.7953,0,0,0,1,Gaming
68.1948,74.3022,4.0762,81.6959,0.1563,0.0439,2.5876,464,155.2342,0,0,0,1,Gaming
7.0954,15.0558,14.5333,44.4015,4.07,0.1199,1.628,470,133.9157,0,1,0,0,Video_Call
10.4883,26.5974,13.0416,49.3963,4.7789,0.1103,1.8568,457,107.9468,0,1,0,0,Video_Call
13.8567,31.1954,13.8823,49.2807,2.6202,0.0627,1.4681,473,132.4902,0,1,0,0,Video_Call
7.517,21.5674,21.3377,41.1476,6.0569,0.0652,1.7918,460,117.9544,1,1,0,5,Browsing
4.4332,6.8505,1.5752,32.0384,0.1893,0.0009,1.1679,442,59.0136,0,0,0,2,Idle
7.6216,17.0568,19.0491,30.4424,1.3886,0.0077,6.1585,466,62.3403,1,1,0,3,Coding
80.6126,94.1127,3.7769,69.9137,0.0604,0.0034,3.5604,457,114.8566,0,0,0,1,Gaming
13.5834,19.609,13.679,38.3602,3.0866,0.0722,1.7057,484,119.0654,0,1,0,0,Video_Call
5.6201,23.3112,13.5539,41.3566,5.5286,0.0439,2.7651,483,113.9373,1,1,0,5,Browsing
77.7139,85.5357,4.555,63.2307,5.9178,-0.0013,25.0659,490,176.8029,0,0,1,4,Compiling
4.883,13.5092,16.7231,49.5729,6.5659,0.0368,1.631,472,120.1337,0,1,0,5,Browsing
87.0977,95.7838,3.5309,67.1316,5.1397,0.0077,27.9234,491,155.6187,1,1,1,4,Compiling
11.9115,30.3622,14.5032,55.3346,0.7187,0.1161,0.878,460,133.7236,0,1,0,0,Video_Call
3.7204,5.3276,1.1248,25.8038,0.0878,-0.0015,0.7403,444,36.4602,0,0,0,2,Idle
84.4044,93.3522,3.4197,60.804,-0.0185,0.0652,1.4987,471,144.149,1,0,0,1,Gaming
10.1442,23.4538,19.4626,43.5783,2.5382,0.074,0.9021,449,107.2198,0,1,0,0,Video_Call
7.7347,18.9224,19.5816,36.4897,0.2907,0.0115,6.0272,454,60.2309,1,1,0,3,Coding
3.5392,5.6241,1.1773,31.7375,-0.4688,-0.0019,0.6901,447,45.2057,0,0,0,2,Idle
3.266,4.7856,1.4636,30.8303,0.0454,0.0126,0.1464,452,42.0521,0,0,0,2,Idle
81.8534,92.519,6.9042,66.3192,5.1352,0.0014,21.4181,492,156.5603,1,1,1,4,Compiling
56.9922,69.2994,2.842,73.5618,0.3227,0.0487,2.0915,469,112.8316,0,0,0,1,Gaming
5.8994,21.9037,11.2164,45.9197,1.7086,0.0679,1.1865,466,134.0053,0,1,0,0,Video_Call
80.4475,88.0397,4.9745,59.948,4.9806,0.0021,23.1804,505,183.8462,1,0,1,4,Compiling
8.7615,23.6018,19.6506,34.8905,0.8521,0.0084,4.8944,451,58.1152,1,1,0,3,Coding
8.8976,17.8224,22.2038,38.6924,0.9707,0.0134,5.1442,455,69.0502,1,1,0,3,Coding
7.704,15.9812,17.8561,33.9209,1.0885,0.0057,5.7066,458,62.4118,1,1,0,3,Coding
67.2627,77.1762,2.432,73.5292,0.5547,0.0285,1.2734,487,138.2388,0,0,0,1,Gaming
2.2849,5.4856,0.9958,30.6862,0.5164,0.0118,1.0392,432,48.0165,0,0,0,2,Idle
3.8623,6.2548,0.8025,30.5316,0.1999,0.0021,0.7522,441,49.3573,0,0,0,2,Idle
6.0335,21.5532,24.0652,36.4536,1.5817,0.0135,4.6146,455,56.7831,1,1,0,3,Coding
61.6762,74.1324,3.2523,79.2748,0.4831,0.0512,1.5837,467,135.5729,0,0,0,1,Gaming
63.0051,74.8612,1.14,64.7376,-0.2837,0.0215,1.6128,477,108.8911,0,0,0,1,Gaming
4.4007,7.6851,1.5849,28.4499,-0.1048,-0.0023,0.9167,436,49.4093,0,0,0,2,Idle
9.1253,20.0636,16.9579,29.3862,0.0146,0.0136,5.8048,451,56.6026,1,1,0,3,Coding
7.5242,21.8966,20.0749,32.6655,0.9398,0.0135,6.4723,452,52.5524,1,1,0,3,Coding
4.5741,7.9964,1.0634,31.6203,-0.033,0.007,0.813,440,57.1326,0,0,0,2,Idle
69.2126,83.5822,3.7946,71.2281,0.3387,0.0271,3.1868,455,133.2272,0,0,0,1,Gaming
7.5989,17.7205,22.274,33.8686,-2.3301,0.0082,6.1588,448,66.3534,1,1,0,3,Coding
10.5322,16.4918,12.1326,46.5814,-0.7919,0.0873,1.7481,481,119.6042,0,1,0,0,Video_Call
70.5957,87.1417,2.7884,63.6946,0.0147,0.0267,3.711,505,127.1923,0,0,0,1,Gaming
65.6026,74.3325,3.2129,70.0459,-0.1107,0.0133,1.7194,464,144.3709,0,0,0,1,Gaming
9.459,27.1263,18.3502,31.144,1.1041,0.0046,5.058,463,69.2569,1,1,0,3,Coding
81.7978,94.4675,0.8986,77.3823,0.647,0.031,0.8212,448,114.4237,0,0,0,1,Gaming
10.4749,17.8032,18.9003,48.2886,6.5733,0.0105,1.8032,464,136.4546,1,1,0,5,Browsing
3.5952,5.5999,1.3699,28.4651,0.0425,0.0043,0.735,433,51.7785,1,0,0,2,Idle
11.2627,22.6596,22.7137,29.8356,0.9584,0.0049,6.203,450,55.5223,1,1,0,3,Coding
65.2458,73.6122,2.1257,81.0052,-0.0532,0.0487,2.2545,480,148.1054,0,0,0,1,Gaming
75.5005,87.1141,2.8892,70.1686,0.1066,0.0198,1.7895,479,90.5724,0,0,0,1,Gaming
6.504,9.4908,21.8683,39.4684,3.9954,0.0409,1.4076,475,125.2696,0,1,0,5,Browsing
4.5981,7.0969,2.166,30.9275,0.3743,0.0021,0.831,432,43.5734,0,0,0,2,Idle
72.9846,87.5254,3.1987,71.6865,0.6547,0.0364,1.9364,485,133.3888,0,0,0,1,Gaming
7.2172,16.9806,17.2694,36.5196,7.2455,0.0316,1.1522,470,106.7602,0,1,0,5,Browsing
78.0951,85.1567,5.236,65.9602,4.1787,0.001,29.1772,493,172.6715,1,0,1,4,Compiling
7.7043,17.9081,23.8426,33.7578,0.9327,0.0021,5.01,458,64.3866,1,1,0,3,Coding
66.0272,76.2471,2.5264,65.2105,-0.3076,0.0539,1.3556,472,138.9987,0,0,0,1,Gaming
7.9051,19.8757,19.3747,38.4509,2.8672,0.0374,0.4917,472,106.851,0,1,0,5,Browsing
4.7129,7.1332,1.3361,27.9535,0.0063,0.0083,0.6538,453,47.154,0,0,0,2,Idle
8.9761,22.0066,15.6293,47.5445,10.0852,0.0397,1.7647,470,137.1537,0,1,0,5,Browsing
7.5089,29.0293,10.7389,43.1854,4.0066,0.0878,0.8583,496,121.571,0,1,0,0,Video_Call
10.2907,23.0342,14.6054,38.9713,7.1482,0.0338,1.9947,492,107.2814,0,1,0,5,Browsing
10.3672,24.6883,12.6293,50.6078,4.1089,0.0482,1.2586,480,126.9107,0,1,0,5,Browsing
8.5098,18.7789,26.1099,46.4082,3.8636,0.0126,1.7173,441,141.2856,0,1,0,5,Browsing
70.8444,78.4662,3.2179,80.5816,0.3945,0.0309,1.4725,470,133.7141,0,0,0,1,Gaming
81.0259,89.2414,5.8381,66.0229,7.8229,-0.0009,21.3238,501,182.5698,1,0,1,4,Compiling
3.6588,6.6632,0.9689,23.4221,0.1975,0.0021,1.3266,443,55.9845,0,0,0,2,Idle
10.2215,26.728,18.2972,45.006,5.0144,0.0417,2.374,469,88.5153,0,1,0,5,Browsing
7.5559,14.1119,18.9959,33.8614,1.4923,0.0129,5.7931,459,48.7779,1,1,0,3,Coding
11.7109,20.3959,29.531,41.6559,9.8569,0.0328,1.3627,462,120.8554,0,1,0,5,Browsing
7.7496,17.9954,17.4695,35.2943,-0.4017,0.0098,5.5823,454,59.9786,1,1,0,3,Coding
8.385,17.4256,16.4606,43.7866,8.3104,0.0505,1.7507,497,147.9344,0,1,0,5,Browsing
11.2006,18.2991,10.4887,44.5846,3.339,0.0579,1.3849,454,127.0171,0,1,0,0,Video_Call
4.9988,5.5272,0.4755,32.4247,-0.5212,0.0034,0.8518,447,45.6605,0,0,0,2,Idle
88.7986,96.7576,3.8434,58.6809,7.0159,-0.0108,28.6606,456,149.8703,1,0,1,4,Compiling
9.5095,24.4695,20.0011,35.3998,0.2754,0.0076,4.688,450,68.4494,1,1,0,3,Coding
8.6604,26.313,16.8187,48.1441,4.0256,0.0769,0.8934,485,153.3744,0,1,0,0,Video_Call
72.2146,78.7055,5.5289,57.0581,3.754,-0.0105,17.3075,466,149.3946,1,0,1,4,Compiling
7.6531,20.9306,24.2406,35.5068,0.9144,0.0116,5.4734,456,63.5021,1,0,0,3,Coding
72.4996,89.0348,3.4864,69.5797,0.0905,0.0581,1.8475,476,118.943,0,0,0,1,Gaming
5.8586,24.5347,22.3349,40.208,-0.4482,0.0355,1.3574,451,128.0966,0,1,0,0,Video_Call
8.0683,21.2556,11.4339,52.7836,2.1888,0.0985,0.7696,480,113.4479,0,1,0,0,Video_Call
9.2819,25.3004,18.0366,53.9842,2.201,0.0855,0.5754,484,133.3311,1,1,0,0,Video_Call
9.4481,25.2962,17.9564,28.4776,0.7334,0.0065,5.3933,457,69.7122,1,1,1,3,Coding
66.4959,79.052,2.7505,71.2071,0.1647,0.0238,2.219,444,139.5265,0,0,0,1,Gaming
8.7924,23.1544,18.2108,49.6228,8.1948,0.0538,1.7036,490,150.0196,1,1,0,5,Browsing
1.9149,4.0853,0.3723,30.5641,-0.0777,0.0101,1.0355,466,37.1246,0,0,0,2,Idle
57.8643,70.0248,4.1701,73.8352,0.434,0.033,2.7189,487,162.5728,0,0,0,1,Gaming
7.1648,22.6951,13.5792,46.0473,1.578,0.0971,1.5653,485,128.4611,0,1,0,0,Video_Call
51.6986,58.2592,4.2818,78.7339,0.2912,0.013,1.9344,460,130.7233,0,0,0,1,Gaming
1.4416,3.1054,1.2323,31.0667,0.3923,-0.0028,0.668,449,56.2638,0,0,0,2,Idle
10.6941,27.6805,19.3019,47.022,0.8208,0.0665,0.9789,477,109.797,0,1,0,0,Video_Call
86.7436,93.7543,4.8542,63.0286,3.4732,0.009,15.1122,503,168.2902,1,1,1,4,Compiling
3.2783,6.1498,0.6928,33.9089,-0.2474,0.0116,0.648,447,43.7995,0,0,0,2,Idle
11.7851,24.1928,14.0616,49.9606,3.2435,0.0959,0.7202,482,115.9666,0,1,0,0,Video_Call
89.5643,97.1471,5.2959,60.7309,5.184,-0.0006,21.7816,498,189.9782,1,0,1,4,Compiling
10.1593,19.7751,16.4525,32.23,0.1591,0.0088,5.2226,455,58.2238,1,1,0,3,Coding
84.1858,96.7523,3.9778,65.3925,7.2523,0.0198,18.2181,503,211.1836,1,0,1,4,Compiling
3.6978,7.6436,0.9161,31.5884,0.1165,0.0062,0.8876,449,41.7756,1,0,0,2,Idle
8.2517,18.9531,19.3123,36.8687,-0.2583,0.0065,4.6956,460,65.3539,1,1,0,3,Coding
67.657,72.1793,2.0217,86.2903,-0.0634,0.0377,1.7217,495,122.9952,1,0,0,1,Gaming
68.4211,80.7019,1.5011,72.5542,-0.1155,0.0267,2.0992,459,141.5295,0,0,0,1,Gaming
73.5338,81.7999,7.5406,64.3492,4.6545,-0.0128,33.9706,521,192.7833,1,0,1,4,Compiling
76.3062,85.4246,2.1226,70.3596,0.0884,0.004,1.918,479,107.4722,0,0,0,1,Gaming
8.6522,26.411,15.5718,39.3691,-0.8796,0.1064,0.8702,461,121.015,0,1,0,0,Video_Call
9.3169,29.4959,18.2448,34.8128,0.7899,0.0115,4.359,466,68.4544,1,1,1,3,Coding
3.6636,6.4083,1.2473,34.1273,-0.7915,0.0017,0.2077,428,53.0347,0,0,0,2,Idle
45.3761,54.8747,5.0869,80.485,0.2179,0.0674,2.1369,460,138.1371,0,0,0,1,Gaming
1.4989,4.2594,0.5753,36.5267,0.9366,0.0059,0.9942,441,53.8508,0,0,0,2,Idle
67.4058,75.7456,3.7873,80.1274,0.2708,0.0421,0.9864,487,137.6466,0,0,0,1,Gaming
6.3865,16.8755,14.6703,53.8255,2.2127,0.0708,1.1534,479,130.8161,0,1,0,0,Video_Call
7.4496,23.1571,22.6312,31.2516,0.9833,0.0062,4.9416,461,57.7756,1,1,0,3,Coding
2.2282,5.5184,1.3264,27.9501,0.2038,0.0071,0.4069,432,50.8711,0,0,0,2,Idle
9.9944,20.5525,22.6491,35.8081,-0.8459,0.0092,5.0389,459,64.0437,0,1,0,3,Coding
7.0778,18.5563,19.9931,31.3315,-1.2587,0.0132,6.3993,462,66.8342,1,1,0,3,Coding
8.7593,24.9228,21.2807,37.8747,1.158,0.0082,5.4662,452,68.0844,1,1,1,3,Coding
8.2483,28.263,11.7695,46.3117,3.2868,0.1153,1.383,456,129.6897,0,1,0,0,Video_Call
7.9095,16.0303,18.2461,41.5197,2.723,0.0161,5.2538,450,64.7734,1,1,0,3,Coding
6.0901,16.4109,15.7146,51.4894,10.3838,0.0361,1.3428,477,104.8961,0,1,0,5,Browsing
5.5219,15.7554,20.8242,44.4291,7.6885,0.0126,2.1382,455,110.3644,0,1,0,5,Browsing
9.2277,19.8971,17.8608,35.9105,0.213,0.006,6.1633,456,59.8566,1,1,0,3,Coding
4.6333,5.1333,0.8346,27.2917,0.35,0.0112,1.1102,453,33.6527,0,0,0,2,Idle
6.273,20.737,23.3396,46.7476,3.8328,0.0413,1.9691,446,161.3687,0,1,0,5,Browsing
63.3317,71.6674,3.4133,71.5385,0.0457,0.0481,2.2454,473,137.2786,0,0,0,1,Gaming
51.8465,57.0142,3.2795,74.4318,0.7535,0.0109,2.4317,462,141.3307,0,0,0,1,Gaming
7.9821,20.9604,23.1453,33.2371,0.9999,0.0113,5.1062,448,56.2476,1,1,0,3,Coding
54.0586,67.2147,4.0781,56.8672,-0.526,0.0542,2.4799,461,140.3434,0,0,0,1,Gaming
90.7915,96.6159,3.9194,66.0959,3.4554,0.0052,24.8348,532,165.8093,1,0,0,4,Compiling
9.2058,25.1903,14.173,44.0189,0.7128,0.0734,0.8125,469,121.9222,0,1,0,0,Video_Call
3.1137,5.1627,0.2886,30.3245,-0.5992,-0.0002,0.8347,441,53.1625,0,0,0,2,Idle
80.1373,87.6931,3.6268,74.0608,8.7603,-0.0093,17.9715,496,142.7645,1,0,1,4,Compiling
2.363,6.9228,1.7052,34.145,0.435,0.0045,0.9614,442,40.5916,0,0,0,2,Idle
7.4318,23.5767,14.6595,52.7327,2.7328,0.0558,0.8378,449,125.9382,0,1,0,0,Video_Call
11.3302,21.2615,14.7205,52.4021,1.9624,0.0921,1.4373,471,158.0577,0,1,0,0,Video_Call
10.0871,24.6342,15.1962,42.3679,2.8271,0.0718,1.4372,447,118.2167,0,0,0,0,Video_Call
7.0662,16.2915,16.3428,39.4442,0.917,0.0296,1.8534,470,138.7632,0,1,0,0,Video_Call
10.3768,20.1453,18.8457,30.989,-0.8329,0.0109,5.692,453,53.5858,1,1,0,3,Coding
90.8826,99.5011,4.5342,60.0708,9.2604,-0.0099,30.4048,487,177.8183,1,0,1,4,Compiling
11.0653,29.1988,17.7311,47.789,2.02,0.0786,0.9108,456,118.3067,0,1,0,0,Video_Call
87.1537,93.9565,6.1843,67.3778,9.4701,-0.0034,11.136,461,138.7594,1,0,1,4,Compiling
9.8399,28.433,15.5362,46.2581,5.5457,0.0322,1.1604,506,122.0819,0,1,0,5,Browsing
10.4247,24.7586,16.7321,46.1345,6.8813,0.049,2.1827,516,121.3136,0,1,0,5,Browsing
3.4969,6.6231,2.2655,25.0895,-0.2222,0.0014,1.1367,438,50.614,0,0,0,2,Idle
58.7649,74.1143,1.621,73.7387,-0.325,0.0725,1.7758,467,139.6868,0,0,0,1,Gaming
4.5231,14.744,24.7246,51.0311,5.172,0.0447,2.0586,437,80.4614,0,1,0,5,Browsing
7.2364,23.6238,17.5645,41.4515,1.0874,0.1167,2.0528,478,135.0826,0,1,0,0,Video_Call
7.6124,24.2912,15.5134,36.3315,6.5392,0.028,1.1014,447,112.9813,0,1,0,5,Browsing
87.0474,95.9256,4.6493,66.0399,6.2121,0.019,28.8576,456,172.1833,1,1,1,4,Compiling
86.4252,94.2157,4.2804,50.2383,7.4697,-0.0057,24.8266,484,187.9487,1,0,1,4,Compiling
3.8101,16.3472,14.6733,35.6113,6.0075,0.0306,2.2816,484,111.6718,0,1,0,5,Browsing
8.105,19.48,12.6764,44.7628,1.1486,0.1126,0.8861,471,127.4462,0,1,0,0,Video_Call
4.3594,5.968,1.3705,29.8429,0.3396,0.0124,0.8004,446,42.5022,0,1,0,2,Idle
83.5061,94.466,6.2233,53.1983,5.7357,0.0091,21.7934,502,175.629,1,0,1,4,Compiling
9.8267,21.8509,19.0391,34.3309,4.2939,0.0387,2.6226,464,100.5143,0,1,0,5,Browsing
8.4703,19.2541,21.783,35.4449,1.2807,0.0084,6.3363,446,53.9653,1,1,0,3,Coding
3.7728,5.4986,1.8614,30.8507,-0.289,0.0047,0.8525,443,47.0097,0,0,0,2,Idle
2.7307,3.8109,1.1771,30.5323,0.07,0.0013,1.1858,449,57.8968,0,0,0,2,Idle
6.9385,18.145,7.8174,44.5229,2.7438,0.0502,1.3417,478,111.8608,0,1,0,0,Video_Call
6.8865,21.9602,19.5843,47.4375,5.9591,0.0132,1.6076,473,136.5613,0,1,0,5,Browsing
74.4879,78.6725,3.9639,72.4464,-0.0209,0.0445,3.0136,468,109.8335,0,1,0,1,Gaming
8.654,17.6503,20.6563,39.7628,5.3244,0.0318,2.3768,485,132.5714,0,1,0,5,Browsing
75.9499,88.0309,2.9214,70.4698,-0.0472,0.0362,2.1467,463,128.9824,0,0,0,1,Gaming
76.1215,88.5134,2.7404,70.165,-0.0229,0.0314,1.3278,503,112.445,0,0,0,1,Gaming
4.2371,7.1807,1.9965,29.9878,-0.676,0.0039,0.8696,439,55.4747,0,0,0,2,Idle
4.3938,6.4802,1.0407,34.4163,0.4446,0.006,0.46,433,38.4138,0,0,0,2,Idle
3.6275,4.7015,0.8164,32.055,0.2859,-0.0017,0.311,434,46.8473,0,0,0,2,Idle
9.2059,22.4254,19.5953,33.8142,-0.7352,0.0069,4.3634,462,59.9802,1,1,0,3,Coding
3.6441,7.694,0.8555,31.6186,-0.2905,0.0076,0.234,438,43.1733,0,0,0,2,Idle
9.1832,17.5278,14.9095,39.5411,1.9681,0.0992,1.202,467,129.6432,0,1,0,0,Video_Call
92.8137,99.4197,4.3942,58.3547,4.4518,0.01,23.6637,526,171.9132,1,0,1,4,Compiling
7.2756,19.6807,27.594,30.0955,-0.2046,0.0082,3.9012,451,54.8567,1,0,0,3,Coding
9.0987,22.1301,21.7543,33.823,0.7856,0.009,5.8465,454,66.7917,1,1,0,3,Coding
2.9189,4.1112,1.237,30.1386,0.3881,0.0066,0.4347,449,52.0709,0,0,0,2,Idle
9.4486,24.1334,15.5803,56.1468,2.449,0.0726,1.3043,483,119.3887,0,1,0,0,Video_Call
7.9527,23.564,13.8913,51.3919,0.8028,0.095,1.4925,474,145.4017,0,1,0,0,Video_Call
70.8549,78.5976,4.9142,57.6082,7.3854,-0.0018,27.2228,503,202.5499,1,0,1,4,Compiling
5.9624,20.1925,20.9162,34.9355,0.1915,0.0055,4.3161,458,55.772,1,1,0,3,Coding
78.7178,87.258,6.1869,68.0756,5.8207,-0.0019,21.142,495,143.2774,1,0,1,4,Compiling
83.3581,92.5003,3.9641,56.3415,5.6317,0.0029,28.1616,491,193.7947,1,0,1,4,Compiling
80.5803,89.8253,6.8965,64.6439,7.4921,-0.0096,23.7942,520,200.4028,1,0,1,4,Compiling
9.1811,14.5759,22.4876,39.2026,0.6708,0.0116,6.8022,461,73.3851,1,1,0,3,Coding
6.3546,18.3928,21.6618,34.6364,-1.0024,0.0069,4.3928,453,58.92,1,1,0,3,Coding
8.4895,18.6808,14.8245,36.0641,1.3192,0.0098,6.1891,463,53.7134,1,1,0,3,Coding
8.9921,23.8272,14.4086,54.8119,0.971,0.0887,1.3535,460,120.0617,1,1,0,0,Video_Call
7.6254,25.9749,19.4604,41.4329,11.5202,0.0656,0.804,450,134.7578,0,1,0,5,Browsing
10.6196,24.0837,16.0987,52.8464,3.5588,0.0854,1.4876,472,145.7224,0,1,0,0,Video_Call
71.2341,86.8759,3.5024,85.0706,-0.5903,0.054,1.3539,484,129.7197,0,0,0,1,Gaming
82.6775,89.2992,4.4149,73.1389,5.8961,0.0021,26.1535,489,194.5793,1,0,1,4,Compiling
59.1154,73.804,4.3414,71.176,-0.2891,0.0433,2.6937,483,136.9571,0,0,0,1,Gaming
55.7232,67.5027,2.7076,77.0847,-0.2333,0.0309,2.0783,464,150.3517,0,0,0,1,Gaming
61.9048,67.3245,2.8836,82.3432,-0.6731,0.0481,3.4346,489,120.5922,0,0,0,1,Gaming
9.4044,29.25,17.458,49.1398,3.1274,0.0746,1.4473,448,85.5983,0,1,0,0,Video_Call
5.259,7.9237,1.2335,32.6461,0.0601,0.0062,0.7746,432,46.8142,0,0,0,2,Idle
59.6525,68.8577,5.8549,83.3974,-0.2902,0.0568,1.2509,458,136.4503,0,1,0,1,Gaming
4.3711,7.4787,0.7025,31.5547,-0.0784,-0.0009,0.9812,441,42.5283,0,0,0,2,Idle
3.1289,5.2511,2.3619,29.7706,-0.1933,0.0065,0.4118,443,34.6154,1,0,0,2,Idle
82.3898,89.4673,5.11,57.1355,6.3211,0.0048,23.8774,470,167.2316,1,1,1,4,Compiling
6.6776,22.0509,22.55,30.626,0.7925,0.0091,6.1178,453,61.9521,1,1,0,3,Coding
62.6031,73.4119,5.3237,72.6959,-0.3315,0.0403,0.2797,458,113.903,0,0,0,1,Gaming
7.9196,20.4931,21.7869,30.6725,0.6532,0.0119,5.1084,451,57.2615,1,1,0,3,Coding
7.0217,23.2494,21.1699,40.6148,3.3481,0.054,1.7734,452,118.6115,0,1,0,5,Browsing
73.0518,81.8003,6.2471,57.2632,1.4716,0.0014,27.3747,486,133.0311,1,1,1,4,Compiling
63.6633,71.1349,2.3289,74.2389,-0.9147,0.0402,2.6672,465,135.1428,0,0,0,1,Gaming
10.636,25.601,16.0803,51.5263,-0.3732,0.0974,1.6421,470,123.642,0,1,0,0,Video_Call
57.745,67.5086,4.1513,64.1286,-0.3214,0.0364,1.6376,451,131.1614,0,0,0,1,Gaming
8.9493,22.8186,26.8497,43.7566,6.4241,0.0368,2.1552,461,142.1359,1,1,0,5,Browsing
71.3387,82.3553,3.672,66.6555,0.012,0.0509,2.2949,461,109.3168,0,1,0,1,Gaming
8.175,20.691,17.2667,33.5229,0.1509,0.0071,4.4021,450,66.1216,1,0,0,3,Coding
2.5305,4.946,0.6256,31.6615,0.3625,0.0089,0.7887,449,46.128,0,0,0,2,Idle
72.5306,83.0968,2.6939,74.0831,-0.1765,0.027,1.2413,467,119.1124,0,0,0,1,Gaming
8.822,18.8044,21.8841,30.0212,1.37,0.0011,5.192,452,68.4744,1,0,0,3,Coding
5.5177,19.5839,21.3803,46.5935,8.5915,0.0166,1.2838,442,118.0573,0,1,0,5,Browsing
9.6773,17.5604,13.0364,51.3728,0.8838,0.0894,1.1213,479,131.5714,0,1,0,0,Video_Call
72.9767,81.0971,3.8378,73.9383,-0.0347,0.0152,0.7614,456,151.626,0,0,0,1,Gaming
57.1776,70.9468,1.1524,76.4925,0.5949,0.0364,2.6238,481,167.7558,0,0,0,1,Gaming
5.229,7.8534,0.8847,31.7217,0.4818,0.0063,1.0788,449,47.3525,0,0,0,2,Idle
70.694,84.4905,3.1574,69.1403,0.0655,0.0651,2.4284,487,131.0692,0,0,0,1,Gaming
7.1934,13.6488,16.5671,31.1167,1.3315,0.0073,5.2878,450,69.432,1,0,0,3,Coding
4.079,7.8119,0.7226,29.4395,0.1854,0.0079,0.6318,437,44.2167,0,0,0,2,Idle
87.0846,97.8982,5.6275,56.997,0.9523,-0.0081,22.3297,484,162.9514,1,0,1,4,Compiling
58.9085,70.5847,3.5082,70.0292,0.4442,0.0292,3.3783,457,124.9358,1,0,0,1,Gaming
10.4937,33.1021,17.6204,31.0168,7.4598,0.0249,2.0761,468,132.1088,0,1,0,5,Browsing
11.3125,26.0758,14.551,33.5133,4.4486,0.0998,1.4222,489,135.9149,0,1,0,0,Video_Call
8.2608,20.3233,21.0885,36.7313,1.9563,0.0086,5.8106,456,65.3585,1,1,0,3,Coding
8.6717,16.5886,24.0581,27.2717,-0.3697,0.0132,3.7755,466,59.0145,1,1,0,3,Coding
9.0133,21.1902,19.3086,34.6804,-0.4558,0.0104,4.4356,462,64.4383,1,1,0,3,Coding
70.6335,84.4632,3.2217,76.2052,-0.0308,0.0539,1.2345,465,134.7743,0,0,0,1,Gaming
10.1626,21.0844,23.4362,40.4112,4.9797,0.0312,2.9119,457,124.315,0,1,0,5,Browsing
2.2344,5.9736,1.4879,25.8796,0.312,-0.0008,0.6069,433,43.173,0,0,0,2,Idle
9.577,25.2794,18.1202,44.0981,2.5076,0.0355,2.0446,473,117.4634,0,1,0,5,Browsing
3.1618,6.5439,1.167,31.5873,0.1674,0.009,0.4144,439,52.532,0,0,0,2,Idle
65.655,75.5635,3.5067,75.5635,0.0291,0.009,1.3005,479,111.6939,0,0,0,1,Gaming
91.7924,99.3816,4.2154,61.2627,2.7319,-0.0086,19.8805,520,183.5857,1,0,1,4,Compiling
11.0483,23.7428,13.2442,48.3625,2.3852,0.0872,1.681,475,143.4167,0,1,0,0,Video_Call
55.4144,68.6186,3.795,72.0021,-0.3936,0.0491,2.802,466,142.4056,0,0,0,1,Gaming
6.3147,19.211,18.9795,32.3675,-0.1869,0.0061,4.1968,450,61.5394,1,1,0,3,Coding
8.9128,15.9921,17.6621,38.7883,-0.7185,0.0105,4.506,456,57.4388,1,1,0,3,Coding
54.8745,63.7965,2.918,76.1375,0.6334,0.0369,2.2189,455,123.0422,0,0,0,1,Gaming
7.1465,16.9143,22.6033,30.7552,0.9525,0.0096,5.8403,460,66.0385,1,1,1,3,Coding
80.8372,89.9312,2.0202,65.3831,4.4869,0.0122,27.2198,459,186.5772,1,0,1,4,Compiling
61.4517,71.8798,1.3304,71.8543,0.1146,0.032,2.523,475,152.383,0,0,0,1,Gaming
9.6271,19.2172,18.737,57.0575,2.5381,0.0484,1.7725,483,148.3925,0,1,0,0,Video_Call
7.853,24.9024,22.4631,37.0867,-1.0995,0.0151,5.1711,456,63.9933,1,1,0,3,Coding
5.9824,23.3896,18.9422,31.1677,1.2445,0.0117,5.9468,456,51.3891,1,1,0,3,Coding
3.8936,6.632,1.2103,25.9967,-0.7671,0.0118,0.7134,446,46.5755,0,0,0,2,Idle
87.453,96.4146,6.1238,60.2148,5.5814,0.0155,26.3987,524,176.3296,1,1,0,4,Compiling
12.0646,29.8337,18.8018,40.8618,9.486,0.0131,1.6039,489,116.8662,0,1,0,5,Browsing
9.1276,22.5867,18.6605,35.5782,2.1054,0.0105,5.8451,452,56.8032,1,1,0,3,Coding
5.0732,21.2273,19.5744,34.0254,6.9866,0.036,2.6742,477,127.7718,0,1,0,5,Browsing
70.1799,79.586,3.4907,68.8879,-0.3232,0.0241,2.5671,450,116.1166,0,1,0,1,Gaming
4.7967,6.3887,0.126,29.9149,0.1876,-0.0007,0.6526,439,47.1669,0,0,0,2,Idle
8.5451,23.0387,18.7576,30.8822,0.5873,0.0098,5.4987,462,53.8529,1,0,0,3,Coding
9.2575,21.4056,20.7331,36.8019,1.7918,0.0069,5.6476,456,55.0467,0,1,0,3,Coding
12.1094,28.9366,18.9688,59.2666,2.2558,0.0726,1.1642,468,137.0969,0,1,0,0,Video_Call
7.5498,16.7419,16.7826,32.597,0.8954,0.0114,5.6922,464,56.0554,1,1,0,3,Coding
9.7408,24.4377,13.8586,44.7623,-2.1261,0.0176,1.5347,497,101.3799,0,1,0,0,Video_Call
80.8306,95.7904,3.243,63.583,0.1568,0.0601,1.8474,463,130.968,0,0,0,1,Gaming
78.0994,84.468,4.3256,57.7242,7.3329,0.0116,20.1674,502,218.5594,1,0,0,4,Compiling
3.0687,5.4459,1.7095,35.1815,0.0875,0.0051,0.7468,451,42.428,0,1,0,2,Idle
3.4808,6.7484,2.102,30.3199,0.4896,0.0015,1.036,449,42.488,0,0,0,2,Idle
13.593,34.818,13.9643,48.0312,-0.1593,0.0914,1.4099,486,81.2845,0,1,0,0,Video_Call
82.4294,91.8482,5.1268,57.8339,5.6841,0.0025,29.3833,489,194.6125,1,0,1,4,Compiling
10.2767,23.9649,22.173,46.4396,1.211,0.0221,1.2305,449,128.3912,0,1,0,5,Browsing
7.9413,21.363,17.7583,32.9091,0.3085,0.0091,4.4155,452,62.1447,1,1,0,3,Coding
3.0881,4.8509,1.8025,24.7485,-0.3383,0.0071,0.9031,442,52.1891,0,0,0,2,Idle
60.2153,72.8355,2.3917,73.6389,-0.1522,0.0259,2.4007,469,116.6353,1,0,0,1,Gaming
6.8289,15.4976,17.1372,44.0374,4.7523,0.1023,0.5674,451,163.7118,0,1,0,0,Video_Call
12.0035,22.4481,23.1318,40.6219,0.3061,0.0074,4.4875,466,66.2267,1,1,0,3,Coding
7.5393,25.0838,24.3081,50.6637,4.9765,0.0461,1.2182,478,112.3809,0,1,0,5,Browsing
3.9592,6.04,2.6991,25.0281,-0.3732,0.0078,1.7434,434,57.9753,1,0,0,2,Idle
16.3884,34.975,20.7488,54.2157,1.957,0.0897,1.1422,466,145.0043,0,1,0,0,Video_Call
6.4019,13.5514,18.6988,32.1232,0.6476,0.0077,4.0413,457,62.8824,1,1,0,3,Coding
12.692,31.4399,19.7317,41.0709,0.8951,0.092,1.1267,464,134.5198,1,1,0,0,Video_Call
8.7208,20.2095,21.5336,32.8388,-0.4542,0.0102,5.6797,454,54.9964,1,1,0,3,Coding
8.1561,21.6373,24.5666,42.7979,3.3586,0.0677,1.5367,481,124.9472,0,1,0,0,Video_Call
64.1547,80.9197,1.9105,66.9386,0.0042,0.0696,2.2186,467,118.0492,0,1,0,1,Gaming
1.6629,2.9965,0.6065,28.8033,0.4521,0.005,0.8602,434,48.7227,0,0,0,2,Idle
8.4094,26.0745,21.3165,58.8462,5.3283,0.0561,1.6368,468,124.9932,0,1,0,5,Browsing
2.8059,7.3136,1.1544,32.7047,0.6616,-0.0007,0.3786,444,43.5646,0,0,0,2,Idle
5.1192,24.2566,10.042,47.7306,1.3977,0.0847,1.4882,474,130.6599,0,1,0,0,Video_Call
4.1068,21.2798,15.556,55.3036,0.3084,0.0681,0.3378,466,133.583,0,1,0,0,Video_Call
8.6734,28.3002,20.5857,40.8226,5.226,0.0769,0.9161,467,136.9535,0,1,0,5,Browsing
4.4335,5.31,0.8431,30.5863,0.1422,0.0088,0.3965,443,60.2321,0,0,0,2,Idle
79.1374,89.4385,2.2984,62.8084,-0.1019,0.0378,2.0084,480,157.0545,0,0,0,1,Gaming
11.2089,23.5282,19.4707,39.6898,2.5278,0.0529,2.5364,484,126.7938,0,1,0,0,Video_Call
3.3559,5.683,1.1443,32.106,-0.051,-0.001,0.9329,439,45.6982,0,0,0,2,Idle
4.2346,7.5819,1.8989,27.7493,0.2491,0.0047,1.2176,442,57.1823,0,0,0,2,Idle
9.5542,24.4822,13.1963,50.8194,4.6123,0.0963,1.3533,461,117.676,0,1,0,0,Video_Call
4.4562,16.8213,21.0298,51.4292,7.0069,0.027,1.4882,484,130.2263,0,1,0,5,Browsing
9.779,21.8248,22.8878,47.8428,10.5917,0.029,2.2907,457,93.8085,0,1,0,5,Browsing
11.9275,23.6316,14.1125,52.1298,2.8286,0.0944,0.6634,490,131.4051,0,1,0,0,Video_Call
7.1019,16.8483,25.4717,34.4381,0.5075,0.0118,5.0795,453,68.6506,1,1,0,3,Coding
4.9709,12.0643,21.2905,50.3814,1.4753,0.0694,1.6473,470,93.3599,0,1,0,0,Video_Call
3.6535,5.7089,1.6403,29.2275,0.3826,0.0124,1.2366,460,37.6905,0,0,0,2,Idle
88.6229,94.3776,9.4982,64.9246,6.8973,-0.0045,20.0793,509,177.8119,1,0,1,4,Compiling
1.8826,3.8845,0.9234,27.4185,-0.5324,0.0054,0.6479,451,46.5998,0,0,0,2,Idle
73.5737,84.1232,2.0905,74.7309,-0.183,0.0272,2.9536,506,142.6843,0,0,0,1,Gaming
90.2965,95.1101,6.7629,57.776,5.2079,0.0086,17.4054,488,165.9705,1,0,1,4,Compiling
10.7799,24.3527,24.8698,32.2495,0.3076,0.0131,5.3635,452,70.9159,1,1,0,3,Coding
7.148,23.8226,19.9341,31.1442,-0.7227,0.0107,4.5356,454,64.1371,1,1,0,3,Coding
5.9614,25.6061,21.7152,48.4346,4.962,0.0182,1.7731,483,109.9489,0,1,0,5,Browsing
72.0711,87.9164,4.6736,70.1723,0.0413,0.0256,3.1029,483,151.3553,0,0,0,1,Gaming
8.4486,19.3619,18.0679,37.9814,12.4996,0.0307,2.2636,474,90.1156,0,1,0,5,Browsing
76.412,84.776,7.3989,68.4069,6.0702,-0.0082,27.7891,513,199.2534,1,1,1,4,Compiling
73.6479,84.892,2.6292,68.4235,-0.4719,0.0476,2.091,470,123.4788,0,0,0,1,Gaming
4.2893,6.4105,1.6226,34.8872,-0.2883,0.0047,1.0017,438,41.7485,0,0,0,2,Idle
73.5941,81.4814,3.2632,73.842,5.7711,-0.0092,20.3427,503,181.8064,1,0,1,4,Compiling
9.7845,22.9697,20.0229,30.555,1.8619,0.0074,6.2053,452,57.3964,0,1,0,3,Coding
10.2127,23.4669,21.5453,33.2764,-0.5835,0.0068,5.6853,450,61.7879,1,1,0,3,Coding
10.076,19.8134,23.9391,54.7319,7.6446,0.0155,2.3369,473,127.9696,0,1,0,5,Browsing
54.8321,66.7292,1.5678,69.1511,0.0682,0.0527,2.0844,460,150.3079,0,0,0,1,Gaming
66.8424,82.7911,3.3622,70.562,0.5133,0.0589,0.3963,452,113.7228,0,0,0,1,Gaming
86.3268,91.6729,3.2475,68.6192,3.1452,0.0002,19.0766,486,165.4038,1,0,1,4,Compiling
69.1362,84.5862,1.9843,67.6732,0.065,0.0447,0.9209,474,114.403,0,0,0,1,Gaming
2.2338,4.7533,0.8654,28.2736,-0.1225,0.0035,0.653,441,48.6137,0,0,0,2,Idle
6.4486,19.2535,19.4581,48.3222,3.1952,0.0397,0.8396,462,102.2942,0,1,0,5,Browsing
12.9759,28.1128,13.2629,45.637,2.3151,0.0613,1.2738,453,135.5542,0,1,0,0,Video_Call
12.3545,23.549,18.2532,38.8826,4.6628,0.0502,1.3901,508,147.1584,0,1,0,5,Browsing
84.166,94.4577,4.1473,67.0687,1.2993,-0.0119,21.1129,514,181.3835,1,0,1,4,Compiling
4.6507,19.9868,11.809,43.6836,2.7037,0.0275,2.2181,450,129.4463,0,1,0,5,Browsing
8.0445,19.2872,23.0228,36.4492,-1.5072,0.0091,6.5103,463,49.3978,1,1,0,3,Coding
9.2792,27.2882,18.4716,40.6001,9.2515,0.0124,2.3359,500,103.6311,0,1,0,5,Browsing
15.2581,27.5311,17.4973,39.1433,1.0168,0.0918,1.3424,468,128.9941,0,1,0,0,Video_Call
73.9383,83.4604,4.0667,57.7609,0.6112,0.0103,25.0206,485,186.7353,1,0,1,4,Compiling
11.1913,26.0676,17.6868,41.9749,1.2187,0.0783,1.2984,463,137.9789,0,1,0,0,Video_Call
3.3268,6.5663,1.6079,26.1106,-0.1874,0.0114,1.5186,444,56.6574,0,0,0,2,Idle
7.8426,26.9455,19.9804,39.3531,11.3629,0.0463,2.3156,460,124.7763,0,1,0,5,Browsing
79.2112,88.2656,5.769,59.731,6.9544,0.0077,22.718,506,193.7578,1,1,1,4,Compiling
1.715,5.4397,0.7312,29.9295,0.4486,0.0103,0.5772,447,44.7469,0,0,0,2,Idle
7.5955,29.8212,15.3615,46.3819,0.8717,0.0821,1.7366,456,138.1544,0,0,0,0,Video_Call
2.3082,5.5289,0.0,27.5963,-0.2721,0.0074,1.0091,432,48.3724,0,0,0,2,Idle
83.2657,95.0162,6.0178,71.3243,5.5164,-0.007,17.9801,485,191.8248,1,0,1,4,Compiling
6.8936,19.6404,18.585,35.8927,0.7877,0.0097,5.0448,456,62.2976,1,1,0,3,Coding
62.697,73.7754,3.6419,65.6107,0.0858,0.0237,3.6125,480,132.1449,0,0,0,1,Gaming
10.8264,20.7002,18.1022,30.4508,-0.8383,0.0123,5.4311,451,57.971,1,1,0,3,Coding
74.6926,81.8361,3.3347,61.1766,6.0191,0.0067,18.9449,497,151.1361,1,0,1,4,Compiling
3.2319,5.6663,2.4765,27.1448,0.1303,0.0033,0.0,434,42.8991,0,0,0,2,Idle
8.6278,17.9072,19.2163,31.117,-0.7787,0.0104,6.308,448,65.3318,1,1,0,3,Coding
5.5026,12.8276,20.9208,43.3906,5.6898,0.0247,2.1212,492,88.632,1,0,0,5,Browsing
1.1986,4.9368,0.8479,33.0696,-0.1156,0.0119,0.4105,438,51.0718,0,0,0,2,Idle
10.3338,20.4541,15.8694,45.4764,7.3778,0.0304,2.0499,445,132.2188,0,1,0,5,Browsing
3.0676,4.8658,1.0895,25.9326,0.0987,0.0019,1.1508,445,56.0346,0,0,0,2,Idle
12.2214,30.988,13.2761,53.4686,1.6363,0.0983,1.2557,466,123.1275,0,1,0,0,Video_Call
71.8312,84.793,2.69,64.7643,0.3107,0.036,2.5358,460,108.7303,0,0,0,1,Gaming
73.5816,81.975,7.2318,57.1288,7.561,-0.0069,34.1715,503,172.7079,1,0,1,4,Compiling
76.8642,85.5348,4.7266,65.4657,3.1857,0.0004,17.7164,528,162.8758,1,0,0,4,Compiling
90.5463,100.0,1.5614,55.31,7.5432,0.0188,27.9593,525,191.909,1,1,1,4,Compiling
6.0013,17.7305,19.1731,30.171,-0.8172,0.009,5.1624,460,59.291,1,1,0,3,Coding
7.54,22.6181,17.0572,42.493,2.693,0.0764,1.6132,461,164.1904,0,1,0,0,Video_Call
9.5894,27.1476,21.413,30.5777,-0.2278,0.0091,6.171,450,66.0763,1,1,0,3,Coding
9.9073,18.3623,18.7942,39.168,8.0563,0.0683,1.4068,461,131.5604,0,1,0,5,Browsing
8.9143,22.9071,20.7429,36.211,1.4005,0.0105,5.6587,459,57.5531,1,1,0,3,Coding
4.3065,20.4146,19.131,44.4031,5.4278,0.0189,1.6292,446,131.8268,0,1,0,5,Browsing
7.821,20.6319,20.6385,37.0328,1.1652,0.0086,5.5274,456,61.1802,1,1,0,3,Coding
99.2527,100.0,6.339,48.7909,6.0823,0.0153,10.9965,458,184.7052,1,1,1,4,Compiling
9.8823,25.3416,21.2769,48.9238,3.661,0.05,1.3293,480,119.6323,0,1,0,5,Browsing
5.2341,7.2257,1.0965,32.3914,-0.0824,0.0014,0.512,444,43.0033,0,0,0,2,Idle
3.2841,7.0211,0.9022,31.5176,0.4193,0.0092,1.3379,444,55.4463,0,0,0,2,Idle
9.3126,22.2156,13.4951,35.9783,-0.7189,0.046,1.9949,465,133.9988,0,1,0,0,Video_Call
8.7738,26.0505,13.4338,49.5406,3.1951,0.0774,0.9335,461,160.1218,0,1,0,0,Video_Call
78.9747,82.6299,4.5414,60.4454,1.9986,-0.0098,19.8655,503,151.5876,1,0,1,4,Compiling
2.6144,4.9489,0.9709,31.0885,-0.2128,0.0081,0.5927,437,54.0112,0,0,0,2,Idle
6.7726,20.3413,20.5754,35.4659,-1.4347,0.0093,5.6341,459,64.464,1,1,0,3,Coding
14.1686,31.2728,16.2039,45.2002,0.8937,0.0602,1.6431,457,136.2229,0,1,0,0,Video_Call
4.0361,17.1908,14.524,45.6734,2.7423,0.1259,0.7785,470,120.3118,0,1,0,0,Video_Call
9.7788,20.8553,21.3349,35.282,6.3745,0.0289,2.5847,478,130.7628,0,1,0,5,Browsing
71.1944,83.331,3.3919,71.8329,-0.1674,0.0437,2.756,476,154.8552,0,0,0,1,Gaming
9.422,22.7471,20.3505,31.113,3.8675,0.0515,0.9315,469,140.0298,0,1,0,5,Browsing
5.5558,9.12,0.738,30.4113,0.2494,0.003,1.3732,438,52.9544,0,0,0,2,Idle
81.3747,87.6602,5.1976,64.8753,2.4517,-0.003,14.189,484,154.9191,0,0,1,4,Compiling
6.999,19.9594,21.7117,37.1753,1.1727,0.0136,4.9919,459,65.1911,1,0,0,3,Coding
11.7401,28.0673,19.3249,53.7518,4.4275,0.0392,0.9634,468,132.2954,0,1,0,5,Browsing
6.671,24.7333,18.1404,48.6429,2.5694,0.0763,1.5142,483,179.6597,0,1,0,0,Video_Call
52.9525,63.7073,2.802,78.0263,0.3556,0.0287,1.2467,459,155.1177,0,1,0,1,Gaming
3.1877,6.1781,1.6367,29.2781,0.1506,0.006,1.1129,433,50.4095,0,0,0,2,Idle
13.8015,35.4703,15.7246,46.6781,3.5679,0.082,1.001,460,129.9457,0,1,0,0,Video_Call
10.9933,20.4752,12.4389,42.4136,4.3763,0.0636,1.512,457,111.6377,0,1,0,5,Browsing
77.6357,89.0369,3.1404,75.2956,-0.1998,0.0929,2.6823,458,102.2144,0,0,0,1,Gaming
10.3852,30.5784,12.9389,45.8955,3.4913,0.0639,0.8225,448,135.8656,0,1,0,0,Video_Call
9.9877,22.5305,19.8892,27.6849,1.0199,0.0105,6.1357,451,63.9018,1,1,0,3,Coding
56.7563,67.0107,3.7378,69.2608,-0.1114,0.0689,1.7791,467,147.0687,0,0,0,1,Gaming
4.2763,5.4446,0.7756,30.9827,0.4206,0.005,1.4136,453,41.103,0,0,0,2,Idle
76.0997,83.5968,4.5973,63.3629,5.3672,-0.0278,27.6474,502,155.0188,1,0,1,4,Compiling
6.3184,19.4864,21.9993,31.7896,-1.6981,0.0057,5.9303,456,58.7932,1,1,0,3,Coding
1.1877,3.3544,1.4249,34.566,0.0285,0.009,0.6404,436,42.9536,0,0,0,2,Idle
61.5699,73.141,3.1334,74.283,-0.381,0.0121,2.6178,473,106.4131,0,0,0,1,Gaming
56.5004,70.7699,3.2813,70.8359,0.0989,0.0515,1.823,472,154.6611,0,0,0,1,Gaming
87.4731,97.3011,3.4067,63.8321,0.394,0.0086,2.2188,444,147.4872,0,0,0,1,Gaming
4.0836,6.6932,1.6321,33.4759,-0.1332,0.0125,0.8461,442,49.651,0,0,0,2,Idle
4.6437,6.8372,1.0488,27.5137,0.279,0.0075,0.2838,443,43.8979,0,0,0,2,Idle
7.931,11.5578,17.8205,37.7647,0.4491,0.0095,5.205,458,64.2554,1,1,0,3,Coding
7.2059,24.8812,14.4379,35.545,4.3574,0.0417,1.295,417,134.4086,0,1,0,5,Browsing
5.1454,18.252,20.6115,33.2356,-0.9903,0.0276,2.2824,450,102.6663,0,1,0,3,Coding
66.0098,80.5435,1.9736,59.5119,-0.655,0.0707,2.4739,464,128.6055,0,0,0,1,Gaming
67.8027,75.41,3.2203,75.6521,-0.5068,0.0485,3.169,463,133.5593,0,0,0,1,Gaming
12.2139,16.3871,16.9925,47.2721,10.1042,0.0275,2.4744,459,128.4987,0,1,0,5,Browsing
72.3497,84.5189,1.8293,71.2512,0.1462,0.0522,2.5824,442,137.3013,0,0,0,1,Gaming
6.964,11.2606,15.8943,46.5928,0.4988,0.0995,0.7048,470,134.9647,0,1,0,0,Video_Call
3.0716,4.9448,0.4503,34.6805,0.2034,0.0085,0.588,453,47.8712,0,1,0,2,Idle
2.9719,6.6594,1.5643,28.6737,0.4005,0.0035,1.1653,441,47.6487,0,0,0,2,Idle
78.6343,85.036,3.7594,53.3396,7.7483,0.0083,20.4223,482,158.7779,1,0,1,4,Compiling
10.5532,28.6422,15.0082,51.6219,2.3342,0.0375,2.1706,498,98.9951,0,1,0,5,Browsing
10.2993,14.4243,16.5661,47.9736,-0.9224,0.038,1.0122,468,109.9313,0,1,0,0,Video_Call
7.4198,23.3309,24.1496,31.1006,1.464,0.0052,6.3474,456,67.2221,1,1,0,3,Coding
4.9954,15.214,18.0612,39.2563,6.2113,0.0342,2.8016,487,123.4127,0,1,0,5,Browsing
70.8145,80.0137,3.0265,72.7043,0.5595,0.0229,0.8251,453,140.124,0,0,0,1,Gaming
6.9283,14.8632,14.0882,61.0963,6.6145,0.0285,1.3561,480,176.2023,0,1,0,5,Browsing
8.0109,19.1826,19.561,45.9691,4.7193,0.0403,1.7363,451,142.5143,0,1,0,5,Browsing
51.3967,61.129,4.0308,78.346,-0.1336,0.0485,2.9775,486,106.2024,0,0,0,1,Gaming
9.175,20.0317,19.0103,28.9883,-0.4152,0.0095,5.9105,452,60.5844,1,1,0,3,Coding
6.9473,17.3467,24.167,41.758,2.2533,0.0205,1.527,455,125.3231,0,1,0,5,Browsing
10.1979,29.1863,21.7172,32.0301,0.6576,0.0076,5.6207,451,62.1171,1,1,0,3,Coding
9.6181,20.9369,15.345,55.7919,3.6101,0.0858,1.5163,470,124.0194,0,1,0,0,Video_Call
4.1001,7.7982,1.4675,25.6464,0.082,0.0045,0.5031,423,39.887,0,0,0,2,Idle
6.5083,20.8362,22.4102,50.5244,6.7228,0.0406,1.1566,492,121.9719,0,1,0,5,Browsing
66.5114,82.1549,4.432,71.4055,-0.1307,0.0246,1.1775,472,109.5911,0,0,0,1,Gaming
85.6441,92.2214,4.8003,71.485,3.0318,-0.0021,24.0583,495,210.3267,0,0,1,4,Compiling
67.0879,76.5651,4.6098,68.3212,-0.5496,0.0224,2.6663,467,118.1521,0,0,0,1,Gaming
9.1022,18.0163,18.6272,31.5274,-1.2288,0.0124,5.4875,460,58.0487,1,0,0,3,Coding
7.5352,17.4642,24.0475,35.1585,0.2494,0.0074,5.9466,463,57.1647,1,1,0,3,Coding
10.5501,22.4146,9.9075,46.5927,2.3442,0.0918,1.4497,474,137.0634,0,0,0,0,Video_Call
65.0582,75.7519,3.2505,70.8194,0.1254,0.0072,0.6349,490,119.18,0,0,0,1,Gaming
8.3678,21.2679,21.6733,33.4215,1.1204,0.011,6.4752,460,58.5261,1,1,0,3,Coding
80.3499,90.6922,6.7233,65.2351,4.6067,-0.014,24.6011,500,172.0634,1,0,1,4,Compiling
8.2774,26.3072,15.5924,42.2304,3.3968,0.096,1.7791,457,121.7449,0,1,0,0,Video_Call
76.9179,84.1362,4.2699,59.2972,9.1382,-0.0046,16.0442,490,191.8628,1,0,1,4,Compiling
10.6318,28.5245,14.8212,48.6569,2.1624,0.0898,1.2636,458,133.9276,0,1,0,0,Video_Call
9.1488,19.5834,18.2982,42.4848,5.7192,0.0389,2.1227,461,141.1993,0,1,0,5,Browsing
8.1533,16.5762,14.4172,49.1098,5.064,0.0851,2.2052,460,125.0064,0,1,0,0,Video_Call
83.6554,92.6911,5.5127,70.2395,3.3355,0.0121,27.8193,516,190.9053,1,0,1,4,Compiling
75.8777,86.2334,4.4623,61.6132,4.8705,0.0058,29.0774,512,162.7396,1,0,1,4,Compiling
88.9058,96.8649,6.1776,60.3058,4.8895,0.0104,20.3781,483,187.7881,0,0,1,4,Compiling
75.0377,85.274,2.275,81.3883,0.5061,0.032,2.0601,442,140.9384,0,1,0,1,Gaming
3.2561,17.866,20.0692,42.2255,4.6846,0.0283,1.3106,491,104.199,0,1,0,5,Browsing
82.1997,89.5341,6.2471,53.479,3.2146,0.0009,20.4533,474,159.352,1,0,1,4,Compiling
13.971,30.1327,12.1316,51.2255,-0.9854,0.0953,0.7442,469,135.3029,0,1,0,0,Video_Call
9.604,25.8273,22.8796,41.0103,7.2052,0.0332,1.9988,481,123.9979,0,1,0,5,Browsing
77.5154,87.6641,2.9982,69.4027,-0.9553,0.0526,0.1462,497,105.9699,0,0,0,1,Gaming
61.7194,75.7911,2.8361,73.3184,0.2099,0.0573,2.1567,476,122.3395,0,0,0,1,Gaming
11.9685,28.2205,15.0699,45.6142,3.0114,0.06,1.3007,477,125.4044,0,1,0,0,Video_Call
8.7889,15.6288,22.0638,32.253,0.8951,0.0096,4.272,457,67.2918,1,1,0,3,Coding
2.0022,3.5514,1.3963,29.0138,-0.2636,0.0019,0.9125,441,40.4502,0,0,0,2,Idle
5.9104,20.2565,20.4926,41.196,2.0446,0.0102,6.2177,453,66.7604,1,1,0,3,Coding
74.6575,88.4569,3.2868,68.5839,0.0271,0.0563,2.1687,475,146.449,0,0,0,1,Gaming
3.3361,6.3237,0.4626,29.7588,-0.3485,0.0048,0.9561,446,56.9827,0,0,0,2,Idle
60.2551,71.3416,4.2693,64.6852,-0.3925,0.017,1.2817,447,152.4313,0,0,0,1,Gaming
6.6612,22.8005,19.3956,51.1116,1.9116,0.0943,1.132,479,144.4084,0,1,0,0,Video_Call
80.3476,91.4157,4.127,57.7445,1.7771,-0.0089,22.3014,509,158.4487,0,0,1,4,Compiling
2.4556,5.0837,1.9343,36.1206,0.4347,0.0009,0.5924,434,43.339,0,0,0,2,Idle
87.6775,94.4718,3.8309,69.5735,4.7852,-0.0035,19.8251,497,194.1346,1,1,1,4,Compiling
65.2765,76.5751,1.7041,76.6241,-0.2904,0.0334,0.8347,457,144.3761,0,0,0,1,Gaming
68.3407,83.158,4.3773,63.4176,-0.4331,0.013,0.9656,453,114.3242,0,0,0,1,Gaming
85.1863,93.6482,5.4725,63.1682,1.9736,-0.014,18.1959,490,179.043,1,0,1,4,Compiling
68.6211,83.5808,2.6949,76.1775,-0.4855,0.0013,1.8788,452,141.1676,0,0,0,1,Gaming
11.0464,22.8724,23.8461,37.7803,-0.6831,0.0045,5.9287,456,62.1705,1,1,0,3,Coding
10.703,22.1924,19.7686,55.1654,-1.4107,0.1071,1.4846,470,120.6251,0,1,0,0,Video_Call
11.8878,33.5279,21.387,44.5496,4.3236,0.0418,2.1369,505,112.5697,0,1,0,5,Browsing
2.9825,4.243,1.6789,31.7505,0.4648,0.0064,0.6126,436,42.4138,0,0,0,2,Idle
9.5784,17.5853,19.0157,47.3129,5.8003,0.0777,1.6591,475,100.056,0,1,0,5,Browsing
8.8745,29.0817,12.1994,41.6893,1.1745,0.0769,1.6232,468,112.8205,0,1,0,0,Video_Call
63.2663,73.1494,2.6478,66.0431,-0.3239,0.0462,2.9407,474,154.5382,0,0,0,1,Gaming
60.6687,68.8026,1.3724,68.3335,0.2119,0.0682,2.0037,471,110.6547,0,0,0,1,Gaming
79.4987,94.2276,7.8664,60.3804,5.2039,-0.0142,19.7965,496,198.1009,1,0,1,4,Compiling
3.0614,7.0335,0.8124,29.4429,-0.5098,0.0092,0.9705,443,48.7064,0,0,0,2,Idle
10.4903,17.7629,18.4076,35.0038,-0.0051,0.0133,6.1062,452,69.4078,1,1,0,3,Coding
78.1103,90.7306,3.5355,74.5741,-0.05,0.0385,2.9534,465,161.1244,0,0,0,1,Gaming
72.4075,84.2429,3.0644,74.0979,-0.5248,0.0265,2.4402,468,124.5162,0,0,0,1,Gaming
6.5867,19.7157,22.9962,33.7175,-0.6101,0.0129,6.0158,449,68.2642,1,1,1,3,Coding
8.2919,23.2044,21.8047,31.5243,1.6283,0.0093,6.2193,450,62.7783,1,1,0,3,Coding
73.837,82.0155,3.4101,70.8918,-0.1786,0.0276,2.2528,436,117.3926,0,0,0,1,Gaming
8.5473,26.8162,17.945,56.2638,1.8039,0.1034,1.5227,474,184.3594,0,1,0,0,Video_Call
10.8533,26.2713,17.7024,29.6228,1.4498,0.0093,6.0027,456,68.1528,1,1,0,3,Coding
2.0826,3.1738,1.0006,28.7696,0.393,0.0068,0.6956,448,53.6993,0,0,0,2,Idle
12.2505,25.8871,11.4417,48.8367,1.6389,0.1095,0.6829,475,143.9714,0,1,0,0,Video_Call
10.3587,21.9663,14.9982,49.7523,-0.7338,0.1014,1.2109,454,141.0286,1,1,0,0,Video_Call
9.7044,24.3854,19.7797,31.3184,0.3021,0.0065,5.6832,464,62.2209,0,1,0,3,Coding
6.473,17.4099,20.9108,54.796,3.5921,0.0457,2.1235,480,105.2706,0,1,0,5,Browsing
73.1481,88.5185,2.3533,76.0407,-0.2137,0.0542,2.9578,496,142.5084,0,0,0,1,Gaming
10.3625,22.2271,11.2163,43.1346,2.4219,0.1097,0.9771,453,128.3313,0,1,0,0,Video_Call
11.8721,31.3321,16.5529,48.9067,2.8218,0.1014,0.8686,470,133.5171,1,1,0,0,Video_Call
10.0634,19.5409,18.4697,46.1062,0.5368,0.1177,1.7239,484,139.6125,0,1,0,0,Video_Call
57.0093,68.3607,1.2445,76.2039,0.0978,0.0074,1.4004,490,126.4803,0,0,0,1,Gaming
7.1682,17.4361,17.1064,32.3619,-0.4007,0.0186,5.546,462,62.6877,1,0,0,3,Coding
8.237,26.6393,16.1321,45.0851,3.7589,0.0421,1.5069,465,125.4698,0,1,0,5,Browsing
5.6265,6.8863,0.7784,30.1407,0.2013,0.0073,0.6087,432,42.3333,0,0,0,2,Idle
9.2074,19.1847,20.1731,51.0546,1.4433,0.065,0.771,476,122.9908,0,1,0,0,Video_Call
88.7126,96.3648,4.7792,57.0313,5.5032,0.0014,22.3025,491,171.5359,1,0,1,4,Compiling
9.2417,15.5977,17.4124,29.9774,-0.3173,0.008,4.9109,458,62.1297,1,1,0,3,Coding
3.9594,6.275,1.5082,29.6521,0.3055,0.0043,1.1318,447,46.3003,0,0,0,2,Idle
2.4954,5.1288,0.9731,26.7942,0.1318,0.0042,1.2786,447,51.408,0,0,0,2,Idle
79.0734,82.3405,6.767,66.0652,5.1094,-0.0017,26.0285,486,194.0111,1,0,1,4,Compiling
7.2907,13.731,22.4799,32.679,0.3045,0.006,5.6486,451,61.5706,1,1,0,3,Coding
9.5577,22.5398,16.0199,41.8898,3.6942,0.097,0.1012,459,117.2417,0,1,0,0,Video_Call
1.9369,3.4321,1.502,30.2552,0.4373,0.0077,0.7149,440,49.7709,0,0,0,2,Idle
9.1058,14.9095,25.7334,39.0472,1.3879,0.009,4.6616,468,63.7176,1,1,0,3,Coding
7.481,18.3525,15.231,32.837,0.6829,0.0079,5.0962,461,63.567,1,1,0,3,Coding
6.709,19.6996,23.467,40.7683,4.6507,0.054,1.6311,478,122.6197,0,1,0,5,Browsing
81.6865,92.7904,5.6367,61.8072,1.4934,-0.0005,17.8795,493,165.2524,1,0,1,4,Compiling
8.7591,21.31,23.1793,33.9139,1.8841,0.0112,5.267,443,63.4294,1,1,0,3,Coding
81.6548,89.2989,5.7828,55.5833,7.635,-0.0006,25.7944,506,133.2181,1,0,1,4,Compiling
7.7596,20.7499,18.5532,30.2011,0.8978,0.0122,4.3612,455,62.9383,1,1,0,3,Coding
6.2921,19.8569,14.5661,51.0385,0.3768,0.0989,1.512,460,134.2444,1,1,0,0,Video_Call
6.4409,18.8586,19.594,32.4927,0.1808,0.0022,5.5689,457,67.9245,1,0,0,3,Coding
3.6137,5.0328,1.3092,28.1106,-0.577,0.0022,0.8626,444,58.7604,0,0,0,2,Idle
8.1654,25.0337,22.7342,40.5412,5.8615,0.0448,1.5252,468,122.8178,0,1,0,5,Browsing
68.7925,79.1796,2.6351,65.8888,-0.2783,0.0675,0.2566,455,129.575,0,0,0,1,Gaming
8.6642,35.0464,16.7461,40.3239,0.0636,0.0835,0.7749,453,106.1218,0,1,0,0,Video_Call
6.7996,20.7373,16.0835,30.4133,0.5222,0.0057,5.2957,449,62.4447,1,1,0,3,Coding
9.0396,20.6113,13.4255,47.0209,5.3878,0.0547,2.7563,449,133.0427,0,1,0,5,Browsing
4.3524,13.1385,26.198,45.5662,2.1899,0.061,1.5992,461,149.8316,1,1,0,0,Video_Call
2.9155,4.8092,0.865,32.0855,-0.6064,0.0037,0.5476,442,48.2668,0,0,0,2,Idle
10.8358,30.5684,12.7187,50.4239,2.6622,0.0969,1.4409,468,103.7171,0,1,0,0,Video_Call
82.1333,87.5842,6.2607,70.4413,7.5854,-0.0016,20.3762,488,181.4127,1,1,1,4,Compiling
10.806,22.6464,23.8833,32.6738,0.4244,0.0062,6.5062,462,56.5565,1,0,0,3,Coding
6.0641,12.8221,18.8208,35.1759,7.6241,0.0427,2.9635,485,83.2796,0,1,0,5,Browsing
12.5346,25.6871,18.09,50.2752,4.5072,0.1148,1.3943,474,109.0963,1,1,0,0,Video_Call
9.7405,22.9324,20.7511,28.0467,0.7279,0.0079,5.1006,460,63.2043,1,1,0,3,Coding
72.5974,83.2372,4.3618,61.1222,0.3931,0.0044,24.9633,486,209.3761,1,0,1,4,Compiling
10.5251,27.4128,19.6861,52.4089,7.8883,0.0407,1.8493,483,139.4637,0,1,0,5,Browsing
66.267,78.0116,3.589,80.4701,0.4372,0.0491,2.7637,472,135.4417,0,0,0,1,Gaming
10.3231,21.6755,13.8693,50.6745,-0.0768,0.071,1.4092,477,121.0628,0,1,0,0,Video_Call
76.2167,83.8204,6.3242,66.5246,6.4087,-0.0054,16.3905,487,187.8453,1,0,1,4,Compiling
8.5803,26.038,19.3906,35.9881,1.1302,0.0105,5.523,451,60.5404,1,1,0,3,Coding
15.9946,28.2572,20.7131,47.7456,10.1497,0.0444,1.227,475,91.8662,0,1,0,5,Browsing
84.3282,92.4064,6.9553,62.3743,3.4505,-0.0081,21.196,534,179.7077,1,0,1,4,Compiling
4.0359,6.4087,2.1699,28.7567,-0.1804,-0.006,1.5076,439,39.9439,1,0,0,2,Idle
8.8105,11.7725,21.1976,48.8574,6.5985,0.0634,2.0801,465,113.5368,0,1,0,5,Browsing
56.4766,66.9068,1.3841,58.3495,0.4422,0.0583,1.7688,455,130.6421,0,0,0,1,Gaming
6.7605,15.5231,20.3381,37.4104,2.1879,0.0108,4.6962,449,63.86,1,1,0,3,Coding
78.674,83.6762,6.5124,53.3046,5.6855,-0.0062,27.8525,490,196.2421,1,0,1,4,Compiling
2.6214,20.8057,28.348,30.2002,-0.2879,0.0593,1.2643,456,90.9301,0,1,0,0,Video_Call
5.1582,17.6062,25.4885,49.0356,5.3313,0.0466,0.722,490,118.1274,0,1,0,5,Browsing
77.5315,82.4711,5.6676,54.8601,4.274,0.0001,20.4921,489,192.7632,1,0,1,4,Compiling
10.4035,19.4607,12.6881,35.8586,-1.3224,0.0392,2.0161,451,128.1094,0,1,0,0,Video_Call
5.6786,18.5993,6.5474,45.5281,3.4761,0.0307,2.5701,480,131.447,0,1,0,5,Browsing
4.6852,7.2534,0.7152,32.9754,-0.2766,0.0002,0.3398,442,54.5932,1,0,0,2,Idle
7.6173,21.3388,11.9362,52.7195,3.1227,0.0468,1.9216,457,128.2893,1,1,0,0,Video_Call
69.6583,78.2903,1.2744,75.6128,0.2104,0.0196,1.107,471,118.9466,0,0,0,1,Gaming
7.4098,18.2059,23.2398,33.9376,0.9595,0.0073,4.9027,464,66.7596,1,1,0,3,Coding
8.4441,21.075,18.3639,32.2213,0.0977,0.0079,4.9753,455,59.1852,1,0,0,3,Coding
3.3806,6.7502,0.9358,29.5913,0.0723,0.0111,0.7606,439,40.725,0,0,0,2,Idle
5.0886,15.6492,25.0409,36.024,7.4237,0.0114,1.5935,464,130.8408,0,0,0,5,Browsing
8.0303,19.227,15.795,36.0397,2.9702,0.0053,6.5824,447,61.5886,1,1,0,3,Coding
7.6274,19.7935,20.4256,35.0566,0.4058,0.0068,5.4422,458,63.5495,1,1,0,3,Coding
9.5564,22.8103,23.6348,46.0454,6.0634,0.0391,1.4255,454,89.9211,0,1,0,5,Browsing
74.0648,82.0722,5.227,59.3749,0.1355,0.0574,0.6455,478,111.9905,0,0,0,1,Gaming
66.8336,76.5805,2.6626,59.6621,0.3085,0.0225,2.0655,475,134.8765,0,1,0,1,Gaming
63.6677,74.8989,3.567,72.4548,0.1552,0.0302,2.4772,479,125.6124,0,0,0,1,Gaming
10.6032,28.0737,7.8771,40.5827,3.8759,0.0632,3.3907,443,131.5689,0,1,0,0,Video_Call
71.8743,84.5833,3.6124,69.0999,-0.06,0.0267,2.6644,475,126.4015,0,0,0,1,Gaming
8.6076,15.2749,10.0792,44.585,4.2989,0.0563,2.2538,467,126.7977,0,1,0,5,Browsing
77.1746,84.7787,6.2335,68.7835,7.0463,-0.006,21.4323,488,183.8565,1,0,1,4,Compiling
9.7754,22.7393,22.0268,32.6183,-0.2108,0.0073,3.9688,458,64.3358,1,1,0,3,Coding
81.1383,89.0886,5.3651,51.966,2.7194,0.0054,21.2447,510,149.7052,1,1,1,4,Compiling
5.8321,15.7764,24.5341,27.0899,0.1209,0.0102,5.485,462,66.7522,1,1,0,3,Coding
66.6951,82.0345,1.8753,73.815,-0.9874,0.0132,2.4291,462,126.5889,0,0,0,1,Gaming
2.5448,3.84,0.9483,28.7496,0.0112,0.0101,0.969,463,45.5394,0,0,0,2,Idle
79.9435,88.3199,3.9443,64.3213,5.2514,-0.0053,27.5475,486,176.9883,0,0,1,4,Compiling
7.016,27.1215,10.6583,56.4468,1.1789,0.0459,1.3732,475,127.7043,0,1,0,0,Video_Call
11.0083,25.4201,19.7371,33.5944,2.973,0.0343,1.8564,466,128.6929,0,1,0,5,Browsing
85.2382,90.7836,3.9744,74.7672,1.416,-0.0003,14.1699,535,170.9099,1,0,1,4,Compiling
51.1413,67.5374,3.2727,73.8949,-0.2306,0.0418,0.8893,475,168.7072,0,0,0,1,Gaming
4.074,7.536,0.6843,32.0602,0.2662,0.0044,0.6876,447,49.563,0,0,0,2,Idle
6.0161,19.5015,17.0825,42.8163,0.0941,0.04,1.409,491,106.6865,0,1,0,0,Video_Call
69.6321,82.9113,3.2898,74.8136,-0.7777,0.0771,2.1356,461,133.7708,0,0,0,1,Gaming
13.1255,30.9333,7.937,52.9658,1.3256,0.0781,1.5914,461,142.391,0,1,0,0,Video_Call
2.6424,6.0801,1.0814,32.8123,-0.1432,0.0077,1.0011,445,49.6561,0,0,0,2,Idle
3.4545,5.7415,0.9722,32.9654,-0.0624,0.006,0.4504,454,43.234,0,0,0,2,Idle
7.9892,20.1509,19.2837,38.8898,2.689,0.0719,1.0568,456,142.8824,0,1,0,0,Video_Call
83.5156,97.7165,3.7505,62.0648,0.0693,0.0317,2.302,487,144.4493,0,0,0,1,Gaming
12.325,25.451,13.8882,47.9042,3.0467,0.1394,0.2826,475,113.6369,0,1,0,0,Video_Call
84.8992,93.7848,3.5836,67.2398,6.3336,-0.0158,24.6047,509,157.1669,1,0,1,4,Compiling
15.4868,24.8479,13.1018,37.5196,3.0911,0.079,1.2139,480,127.7263,0,1,0,0,Video_Call
3.5281,6.1047,1.2893,33.2276,-0.5418,0.0054,1.4376,436,40.7393,0,0,0,2,Idle
10.2404,28.0812,12.2941,44.0227,6.8067,0.0351,1.9979,460,113.9364,0,1,0,5,Browsing
8.8446,17.3786,25.2448,51.9252,10.4724,0.0693,1.8086,476,99.6878,0,1,0,5,Browsing
2.9509,5.0568,0.9031,34.5075,0.486,0.0004,1.3016,429,42.1123,0,0,0,2,Idle
8.2338,22.9723,19.0895,34.2968,0.5762,0.0093,6.7518,458,63.3373,1,1,0,3,Coding
6.7038,19.4341,24.2038,47.0923,5.8775,0.0429,2.1374,493,95.0418,0,1,0,5,Browsing
72.3063,86.2294,3.2841,74.906,0.2627,0.0446,2.9218,454,109.2918,0,0,0,1,Gaming
57.2587,74.7788,3.2909,67.4352,0.8265,0.0448,0.6947,484,81.9437,0,0,0,1,Gaming
13.6691,26.6688,13.4047,46.5807,1.9631,0.1185,1.4872,480,157.8147,0,1,0,0,Video_Call
5.0307,7.8761,0.9082,29.1484,-0.0416,0.0022,0.1153,438,54.4563,0,0,0,2,Idle
6.1689,25.7116,21.7404,35.7439,4.3108,0.0362,0.9772,448,148.4722,0,1,0,5,Browsing
7.2004,12.0098,17.1237,48.1854,-2.9448,0.0465,1.2182,461,136.229,0,1,0,0,Video_Call
8.5637,24.7609,18.5154,44.438,4.6622,0.1057,1.1364,470,130.4162,0,1,0,0,Video_Call
11.1042,27.9482,16.7604,40.38,2.8278,0.0938,1.3129,452,120.3947,0,1,0,0,Video_Call
8.447,16.9377,18.4813,32.7591,0.5158,0.0107,4.856,446,61.0307,1,1,0,3,Coding
3.2586,5.1877,1.9656,29.317,-0.5924,0.0065,1.0744,442,42.3508,0,0,0,2,Idle
3.3479,5.2017,0.5935,28.5509,-0.5019,0.0056,0.5568,431,49.1857,0,0,0,2,Idle
12.3553,33.5236,13.9489,53.8444,3.3299,0.0991,1.7786,456,140.1598,0,1,0,0,Video_Call
85.39,95.5053,6.3327,69.1415,3.4061,-0.002,13.5364,495,196.816,1,0,1,4,Compiling
9.1427,17.7808,20.1014,43.5818,3.4291,0.0099,1.9415,460,104.8816,0,1,0,5,Browsing
6.6417,20.0035,23.0253,33.5055,-0.3237,0.01,4.748,457,63.8886,1,0,0,3,Coding
8.5392,18.7692,25.3934,33.9335,-0.3212,0.0078,5.6948,448,64.4109,1,1,0,3,Coding
59.9107,72.7672,1.857,77.9482,-0.5466,0.036,1.0324,465,161.5756,0,0,0,1,Gaming
3.9956,5.7714,1.0947,30.8997,-0.8133,0.0028,1.1752,431,54.6739,0,0,0,2,Idle
61.8206,69.7818,0.3834,68.2389,0.7595,0.0344,1.3077,476,150.7774,0,0,0,1,Gaming
7.9982,22.2078,23.4533,39.5539,4.152,0.0623,1.7118,489,128.5112,0,1,0,5,Browsing
4.5667,21.4564,19.4979,43.9859,1.1804,0.114,1.2234,468,145.8132,0,1,0,0,Video_Call
3.5239,6.1969,0.7414,26.8493,0.3253,-0.0015,0.7273,445,48.09,0,0,0,2,Idle
13.265,23.3144,14.3163,39.2579,5.6965,0.0249,1.6488,462,112.8089,0,1,0,5,Browsing
7.575,25.3131,21.0123,35.4074,-0.4966,0.008,3.454,461,67.4486,1,0,0,3,Coding
59.8034,73.4206,2.7365,67.8343,-0.4194,0.0422,1.9542,481,129.6856,0,0,0,1,Gaming
1.1367,3.2232,0.7247,31.8599,-0.3914,0.0059,0.8497,442,42.0249,0,0,0,2,Idle
12.6159,29.0985,22.6637,45.5301,5.8643,0.0444,1.74,489,136.5124,0,1,0,5,Browsing
4.1384,6.9883,1.525,31.4355,-0.2508,0.0021,0.612,445,45.4993,0,0,0,2,Idle
6.8658,17.6556,21.5402,39.7312,1.2251,0.012,5.7118,454,65.079,1,1,0,3,Coding
10.0729,20.6764,17.094,29.6896,-0.379,0.0109,4.7843,451,60.4776,1,1,0,3,Coding
58.0697,64.8451,0.0788,80.4394,-0.124,0.0513,2.0822,490,129.9341,0,0,0,1,Gaming
78.7608,86.8901,4.8497,61.106,5.8298,-0.0009,22.4452,512,183.0178,1,1,1,4,Compiling
10.2939,22.1693,21.7053,42.8126,3.9931,0.0342,1.8702,463,134.8838,0,1,0,5,Browsing
8.2531,20.8783,25.9566,32.0774,8.2817,0.0258,1.8507,476,107.497,0,1,0,5,Browsing
7.5156,26.8808,12.6846,41.7092,2.6145,0.0816,1.7283,459,150.6057,0,1,0,0,Video_Call
8.7081,22.0863,19.5236,51.1493,7.0903,0.0469,1.7772,451,116.2007,0,1,0,5,Browsing
58.7634,70.5811,4.2929,71.0313,-0.2394,0.0828,3.477,468,108.8255,0,0,0,1,Gaming
62.5912,78.1557,1.5779,72.3843,0.4614,0.0472,2.6792,474,130.1677,0,0,0,1,Gaming
86.6896,92.0612,8.5044,50.9342,5.8079,0.0141,24.8784,529,182.1222,1,0,1,4,Compiling
10.1871,15.6884,23.9339,39.9571,1.8977,0.0332,0.8905,480,102.908,0,1,0,5,Browsing
83.4188,90.3003,4.984,58.9201,3.9846,0.0119,13.568,539,177.9301,1,0,1,4,Compiling
79.8803,89.3062,4.9537,59.811,8.5581,-0.0044,21.4043,465,145.2835,1,0,1,4,Compiling
57.2287,68.4188,2.8622,68.1205,0.0092,0.0417,0.2145,483,118.7976,0,1,0,1,Gaming
8.2355,28.7196,13.0549,45.4245,2.6183,0.0732,1.2892,464,118.1745,0,1,0,0,Video_Call
84.5994,91.6534,5.4441,57.3645,7.4307,-0.0046,21.7348,515,187.8693,1,0,1,4,Compiling
6.5203,21.5228,16.5809,51.2752,1.2539,0.0671,1.6745,447,138.7172,0,1,0,0,Video_Call
9.9625,20.919,19.6864,32.3253,0.9907,0.0081,6.3896,457,57.2241,1,1,0,3,Coding
67.7598,83.2074,1.8294,70.5199,0.8175,0.0096,2.4319,473,140.2952,0,0,0,1,Gaming
13.0441,22.5149,24.2395,29.2763,3.9827,0.0487,2.1034,453,101.8732,0,1,0,5,Browsing
68.4085,80.6166,4.471,65.341,-0.1736,0.05,2.8114,471,150.1824,0,0,0,1,Gaming
2.43,5.7571,1.623,30.1227,0.0524,0.0071,0.7876,449,56.9361,0,0,0,2,Idle
3.1707,6.7961,1.7796,36.9364,-0.3083,-0.005,1.6094,444,46.6659,0,0,0,2,Idle
11.2544,25.7287,15.3169,46.7374,1.6378,0.0825,1.1278,474,120.3271,0,1,0,0,Video_Call
9.9981,27.7632,18.3344,32.6514,1.7569,0.0122,4.3701,455,64.0566,1,1,0,3,Coding
84.1909,91.1426,3.8857,64.422,6.0495,0.0035,20.3371,510,171.043,1,0,1,4,Compiling
11.8904,24.5768,15.2409,43.2013,6.3704,0.0631,2.8442,511,127.3963,1,1,0,5,Browsing
69.9861,86.6597,1.7813,74.6768,0.3983,0.0372,2.089,477,136.6575,1,0,0,1,Gaming
5.7415,19.6604,18.4595,36.0057,-0.0083,0.0069,6.0326,464,69.2326,1,1,0,3,Coding
83.0928,93.9493,5.0503,62.9269,5.0163,0.002,14.7359,475,153.2464,1,0,1,4,Compiling
8.7477,24.7869,20.1332,34.8664,2.4048,0.0065,5.4892,463,71.219,1,1,0,3,Coding
3.9378,5.4556,2.0638,29.8031,0.0598,0.0123,0.4836,438,44.9269,0,0,0,2,Idle
83.2825,89.911,6.2845,61.5013,4.3129,0.0066,23.7258,509,198.3736,1,1,1,4,Compiling
8.8019,20.7182,15.8901,47.5985,0.0243,0.0739,0.9157,493,115.2666,0,1,0,0,Video_Call
7.3738,20.8145,21.0736,34.8556,3.7087,0.0396,1.7786,478,100.105,0,1,0,5,Browsing
2.3021,4.3092,0.585,32.738,0.6819,0.0077,0.2422,443,41.8503,0,0,0,2,Idle
76.9384,84.6376,3.2349,61.8601,5.46,-0.0064,18.1246,488,166.8372,1,0,1,4,Compiling
7.5759,21.5539,18.8026,46.1053,2.7713,0.1043,0.5799,455,133.1029,0,1,0,0,Video_Call
9.643,23.3451,19.6292,35.6717,1.545,0.0046,5.3851,452,50.9974,1,1,0,3,Coding
64.5791,74.823,3.6227,71.9011,-0.5232,0.0007,1.6329,469,138.312,0,0,0,1,Gaming
8.6561,19.416,21.232,32.2345,-1.919,0.0135,4.8598,457,66.241,1,0,0,3,Coding
3.9347,6.9427,0.6537,32.1034,0.3684,0.0026,0.543,453,48.2547,0,0,0,2,Idle
9.4834,19.4803,21.8255,45.2856,3.3636,0.0545,2.2371,453,87.5591,1,1,0,3,Coding
10.7875,20.6692,12.8285,48.4154,4.3752,0.0326,1.7935,452,113.4244,0,1,0,5,Browsing
6.3607,19.3728,21.4982,32.1134,-1.3694,0.0086,5.5699,459,56.0343,1,1,0,3,Coding
85.0264,92.8243,2.6588,59.2074,1.7627,0.0009,19.1374,490,141.5474,1,0,1,4,Compiling
57.8963,71.4058,2.3738,68.5865,0.087,0.07,0.8856,468,153.2555,0,0,0,1,Gaming
9.4371,28.7497,19.5926,36.8247,0.8294,0.0337,1.393,494,124.7641,0,0,0,0,Video_Call
13.7722,32.2198,18.2525,51.4399,1.507,0.0645,1.6849,479,101.0525,0,0,0,0,Video_Call
5.0405,15.7381,16.7525,32.5548,0.4815,0.0102,5.5166,449,68.5137,1,1,0,3,Coding
58.9563,68.0831,1.8927,66.9385,-0.0329,0.0159,1.8423,458,148.7979,0,0,0,1,Gaming
63.8605,74.2561,2.9638,74.5961,-0.5402,-0.0043,2.1289,450,151.4048,0,1,0,1,Gaming
6.3936,15.1834,18.7755,29.8546,1.5776,0.016,5.7085,454,65.6087,0,1,0,3,Coding
7.6924,21.4747,14.3336,42.6336,6.7893,0.0255,0.8009,494,152.7423,0,1,0,5,Browsing
9.0571,21.0174,20.9081,29.0442,-1.5452,0.0066,4.8691,451,61.1339,1,1,0,3,Coding
3.757,6.0549,1.0935,33.3618,-0.1859,0.0049,1.3705,447,58.8973,0,0,0,2,Idle
5.2856,6.3917,0.7635,30.3357,-0.6163,0.0068,0.9236,436,47.6248,0,0,0,2,Idle
9.148,29.2654,16.3904,41.9734,3.0418,0.1009,0.8713,460,137.6282,0,1,0,0,Video_Call
6.8895,11.8579,17.3319,41.4337,5.6023,0.0378,1.9493,457,93.3484,0,1,0,5,Browsing
10.3267,24.7189,16.5563,52.6357,4.1068,0.0729,0.5214,474,128.2071,0,1,0,0,Video_Call
3.7935,5.5623,1.2556,28.6044,0.5494,-0.0007,0.927,456,42.0382,0,0,0,2,Idle
4.0559,6.0059,0.8863,29.9931,0.69,0.0008,0.6289,452,44.3231,0,0,0,2,Idle
7.2386,23.7294,18.588,35.1848,1.9797,0.0128,5.6262,447,59.9259,1,1,0,3,Coding
82.392,85.0374,4.186,67.2642,5.0124,-0.0116,16.1451,493,162.3762,1,0,1,4,Compiling
77.2023,91.8369,2.7205,68.5728,-0.552,0.0047,2.838,468,151.5455,0,0,0,1,Gaming
7.0252,26.9144,18.2476,49.2844,3.0146,0.1248,1.3298,472,116.9684,0,1,0,0,Video_Call
2.4139,5.5452,1.4651,29.7036,0.1187,-0.0012,1.1432,438,47.7743,0,0,0,2,Idle
8.5424,24.7963,16.3893,49.1802,0.8924,0.0757,1.0964,458,125.8897,0,1,0,0,Video_Call
4.3243,6.2583,1.2184,27.3203,-0.0883,0.0003,0.6395,435,48.4641,0,0,0,2,Idle
87.7715,94.3591,2.1744,56.3317,3.8857,-0.0198,23.249,510,177.0855,1,0,0,4,Compiling
81.4875,90.3568,4.3449,50.1927,2.3062,-0.0165,25.0195,535,178.0761,1,0,1,4,Compiling
74.5186,88.4781,3.0683,69.3631,-0.3462,0.0155,3.9912,476,122.0112,0,0,0,1,Gaming
10.113,17.4546,13.9175,42.1589,3.4922,0.1118,1.6373,484,123.1644,0,1,0,0,Video_Call
9.9503,19.6341,20.6901,46.3014,3.5336,0.0419,2.0027,455,128.7003,0,1,0,5,Browsing
4.7391,11.5529,26.9147,37.4815,3.5417,0.0556,2.8438,483,131.3308,0,1,0,5,Browsing
78.82,90.0437,5.6404,58.682,4.7565,0.0008,28.8944,528,184.0169,1,0,1,4,Compiling
62.3413,68.7256,2.2024,68.8099,-0.0467,0.0356,1.8511,503,120.1628,0,0,0,1,Gaming
4.8774,7.8148,0.5594,27.5836,-0.5114,0.004,0.2256,448,46.9261,0,0,0,2,Idle
4.6366,8.6269,1.3396,30.9725,0.246,0.0062,1.0992,443,45.9345,0,0,0,2,Idle
2.4481,3.3661,1.8786,28.6908,-0.0527,0.003,0.9308,438,39.8579,0,0,0,2,Idle
5.4407,8.491,0.9469,25.9821,0.1208,0.0043,0.8665,445,43.9381,0,0,0,2,Idle
11.8278,26.3384,23.5993,39.0645,0.9379,0.0106,5.1421,458,56.7456,1,1,0,3,Coding
2.7144,4.887,1.4509,29.9424,0.0495,-0.0004,0.8724,436,40.5,0,0,0,2,Idle
3.5805,5.7425,0.6358,32.718,-0.6275,0.0122,1.1482,443,47.3066,0,0,0,2,Idle
3.0069,5.4436,1.3829,33.8139,0.4021,0.0076,0.9585,433,40.3942,0,0,0,2,Idle
14.2344,29.4273,15.8155,43.6474,3.171,0.108,0.3025,477,154.51,0,1,0,0,Video_Call
11.9974,28.2369,18.2286,48.3475,4.0151,0.1066,1.6349,459,141.6968,0,1,0,0,Video_Call
9.5692,22.08,17.8921,49.2674,6.0988,0.0739,1.3092,477,147.5203,0,1,0,5,Browsing
9.3589,28.8958,24.5155,26.3953,0.3137,0.0465,2.1609,484,143.9825,0,1,0,0,Video_Call
6.6269,19.4851,17.6792,34.6909,0.8734,0.0094,5.9049,458,64.4199,1,0,0,3,Coding
87.8077,97.1145,4.0382,71.2144,4.1733,-0.0105,21.3658,491,169.3381,1,0,1,4,Compiling
88.8407,100.0,0.6318,74.8957,-0.1796,0.0299,0.5593,463,148.4494,0,0,0,1,Gaming
9.0373,22.701,26.5582,39.7901,6.0375,0.0429,2.2297,481,106.7949,0,1,0,5,Browsing
5.4057,26.9946,17.2328,39.791,8.0311,0.0373,1.4615,450,118.0192,0,1,0,5,Browsing
9.2701,20.9067,17.8698,47.6347,1.1199,0.0993,1.889,459,126.2042,0,1,0,0,Video_Call
53.9423,64.8652,3.9158,68.9842,0.0593,0.0417,1.5026,487,123.1475,0,0,0,1,Gaming
2.7349,17.8973,16.5592,41.345,0.2864,0.0606,1.4825,491,134.9879,0,1,0,0,Video_Call
9.447,21.9083,22.98,43.0558,9.9721,0.0445,1.1129,458,92.9814,0,1,0,5,Browsing
8.203,20.5622,17.6609,32.2211,0.7358,0.011,6.1425,453,56.0094,1,0,1,3,Coding
5.8668,21.7224,18.7964,33.0786,0.0329,0.0163,5.2675,450,58.0186,1,1,0,3,Coding
6.3982,14.6972,20.1688,38.3346,5.426,0.0466,2.6529,459,125.5801,0,1,0,5,Browsing
12.442,24.9482,17.2682,41.5545,1.0203,0.1207,0.3674,448,128.9657,0,1,0,0,Video_Call
62.6255,77.9088,2.3003,64.3841,0.4137,0.0357,1.4182,451,152.7514,1,0,0,1,Gaming
10.721,19.561,16.3956,47.2125,0.9348,0.072,1.5346,473,130.9223,0,1,0,0,Video_Call
8.3642,24.3887,17.8156,48.7511,2.1803,0.0988,0.4483,463,117.7944,0,1,0,0,Video_Call
76.2341,83.4199,6.154,62.512,6.3582,-0.0034,26.9663,493,221.5239,1,0,1,4,Compiling
65.6364,77.6051,2.3752,76.9984,-0.434,0.0756,0.0942,474,141.8317,0,0,0,1,Gaming
10.8337,27.4504,14.521,40.7745,2.8788,0.0837,1.2269,465,124.1597,1,1,0,0,Video_Call
84.1783,90.5634,3.6945,54.3628,4.881,0.0057,17.8066,464,142.3561,1,0,0,4,Compiling
3.5621,5.265,2.4927,28.1942,-0.2047,0.0056,0.2703,448,46.95,0,0,0,2,Idle
66.4395,84.7626,2.537,73.3868,-0.2386,0.0343,3.0228,464,151.7403,0,1,0,1,Gaming
1.6116,5.3476,1.2756,32.7844,-0.0002,0.0009,0.2354,434,38.8031,0,0,0,2,Idle
8.7724,18.8926,19.2542,35.0124,-1.9265,0.0042,5.5084,457,59.5855,1,1,0,3,Coding
14.6814,32.5809,13.7092,51.4847,-0.6067,0.0798,1.0832,481,144.8535,0,1,0,0,Video_Call
8.6557,21.3507,16.0117,43.3886,2.5251,0.101,1.1968,478,136.8056,0,0,0,0,Video_Call
6.6423,20.3362,15.5252,41.7655,2.5143,0.0599,1.7619,462,116.3073,0,1,0,0,Video_Call
58.6103,69.3037,1.6851,69.1576,-0.3143,0.0433,2.8874,478,117.2127,0,0,0,1,Gaming
10.1762,21.8765,21.6167,36.4114,3.2233,0.0192,1.7874,471,113.0784,0,1,0,5,Browsing
11.2115,26.1958,15.2165,45.9607,-2.668,0.019,2.6731,447,123.6937,0,1,0,0,Video_Call
88.9574,97.2557,2.6775,51.295,6.1377,-0.0029,25.628,506,184.7784,1,0,1,4,Compiling
84.6559,91.6043,4.9125,60.2901,5.1777,-0.0052,25.7619,510,189.6292,1,0,1,4,Compiling
3.3732,5.189,0.8564,30.6476,-0.2331,0.0087,0.6455,443,39.0482,0,0,0,2,Idle
6.2019,12.1721,21.1569,33.9733,1.0671,0.0095,5.8381,456,63.0251,1,1,0,3,Coding
3.2118,6.7013,1.0316,29.6668,-0.0404,0.0071,1.0596,457,38.6416,0,0,0,2,Idle
87.801,94.7978,1.2063,51.1571,6.667,0.0071,22.5044,511,186.6035,1,0,1,4,Compiling
3.2068,3.9566,1.6352,34.9625,-0.1942,0.0001,1.2499,436,43.9735,0,0,0,2,Idle
83.1625,91.638,4.8489,54.6148,6.5984,-0.01,16.2889,517,166.3879,1,1,1,4,Compiling
90.183,99.3204,6.306,67.1441,0.8571,0.0043,23.1543,507,206.1028,1,0,0,4,Compiling
42.9752,58.2569,3.5054,68.6181,0.0411,0.036,1.4816,460,152.625,0,0,0,1,Gaming
3.4561,4.8322,0.387,30.08,-0.1769,0.0013,1.149,443,47.2855,0,0,0,2,Idle
3.7025,6.0355,2.0715,26.9787,0.117,0.0177,0.4521,430,43.7209,0,0,0,2,Idle
8.1686,21.2743,20.9225,37.8822,-0.1168,0.0116,5.9332,460,59.35,1,1,0,3,Coding
10.1775,19.9104,20.8664,33.6289,-1.6871,0.0113,5.4782,457,58.9966,1,1,0,3,Coding
13.497,32.2095,13.5527,47.7618,3.848,0.0594,0.9688,462,143.0147,1,1,0,0,Video_Call
10.2188,25.3495,21.3964,35.6319,1.4666,0.0099,7.1253,448,68.8789,1,1,0,3,Coding
4.9826,15.7909,16.4675,40.7607,0.6446,0.0045,4.5527,449,51.8725,1,1,0,3,Coding
73.9902,85.3465,5.8179,61.9223,5.3391,0.0022,17.8253,483,183.7909,1,0,1,4,Compiling
5.9917,21.27,20.3495,32.5931,-0.4937,0.0118,5.4139,459,57.346,1,1,0,3,Coding
4.3615,6.9645,1.6445,33.7412,-0.5842,0.0087,1.5131,434,46.8088,0,0,0,2,Idle
3.212,3.712,1.6361,27.68,-0.3637,0.0085,1.1674,447,52.718,0,0,0,2,Idle
82.5076,90.1386,6.6519,73.2654,4.6987,0.0083,23.5853,508,189.3216,1,1,1,4,Compiling
77.308,90.5729,2.0929,68.4767,0.5287,0.0348,3.167,475,152.2006,0,0,0,1,Gaming
81.8107,89.5783,5.7718,47.4185,3.0054,0.0058,24.8241,499,186.067,1,0,1,4,Compiling
87.8644,97.363,4.4978,76.8699,4.9282,-0.0077,16.6298,500,217.6627,0,0,1,4,Compiling
3.4252,6.8284,0.1792,39.4475,0.4616,0.0065,1.5601,444,41.6302,0,0,0,2,Idle
81.4377,87.2828,3.9102,65.6786,4.0725,0.009,21.4332,486,177.6837,1,0,1,4,Compiling
10.782,27.584,25.5611,37.974,4.0361,0.0709,1.9389,469,114.89,0,1,0,5,Browsing
63.8789,76.7343,0.525,80.9204,0.4246,0.0584,0.5351,491,129.2243,0,0,0,1,Gaming
89.5604,100.0,3.2731,58.7963,5.3575,0.0208,30.8339,531,167.4382,1,0,0,4,Compiling
6.0561,20.0805,15.5139,45.6178,1.8056,0.1012,1.6757,454,131.4588,0,1,0,0,Video_Call
12.6603,33.7874,6.9115,46.8396,-0.0103,0.1307,1.0572,462,126.4829,0,1,0,0,Video_Call
75.6966,82.8221,4.2213,64.807,1.3505,0.0059,28.5913,484,175.2872,1,0,1,4,Compiling
84.8604,92.6769,3.8273,69.5501,7.7446,-0.0048,25.4243,462,178.3101,1,0,1,4,Compiling
74.6905,83.9042,2.8469,66.7104,-0.3325,0.0556,2.1274,494,141.0729,0,0,0,1,Gaming
9.035,21.9217,23.2609,32.2275,-0.075,0.008,7.0929,450,67.3966,1,1,0,3,Coding
64.8619,71.132,2.4996,62.7245,-0.131,0.0354,0.9814,456,117.0438,0,0,0,1,Gaming
9.2223,19.8716,20.0674,41.1441,-0.4572,0.006,4.3408,456,58.1076,1,1,0,3,Coding
6.5973,14.1515,23.4493,48.1166,2.9092,0.0786,1.8822,465,146.4169,0,1,0,0,Video_Call
7.8429,28.0078,18.2141,36.4591,6.4299,0.038,0.6378,457,113.767,0,1,0,5,Browsing
2.9655,5.3375,1.1876,28.1011,-0.3486,0.004,0.2458,446,52.0313,0,0,0,2,Idle
89.4725,98.9724,4.1553,64.9411,2.825,0.0053,27.9523,461,178.5561,1,0,1,4,Compiling
3.3145,4.5208,1.2016,28.4484,0.2268,0.0092,1.1148,441,42.7423,0,1,0,2,Idle
5.065,22.7057,14.4189,49.8639,0.7349,0.1315,0.9989,475,124.9405,1,1,0,0,Video_Call
89.8908,100.0,3.5904,74.7613,2.518,-0.0106,27.3399,478,176.9492,1,0,1,4,Compiling
5.3502,12.6141,13.6032,43.3382,-0.9821,0.045,1.5241,489,114.4866,0,1,0,0,Video_Call
2.9669,3.7784,1.456,31.5519,0.7005,0.0042,0.8305,427,43.3588,0,0,0,2,Idle
78.8775,94.8046,2.3656,61.9768,-0.3898,0.0498,2.0191,466,127.0565,0,0,0,1,Gaming
3.7509,6.2362,0.7475,31.8604,-0.0037,0.002,0.0984,445,47.5941,0,0,0,2,Idle
3.81,6.5452,0.8577,29.0124,-0.8032,0.0078,1.1396,451,55.0921,0,0,0,2,Idle
10.6183,26.0924,22.3006,28.1841,-0.0562,0.0145,3.9765,462,64.2277,1,1,0,3,Coding
81.5348,89.2434,2.7085,77.4877,7.8121,-0.0059,19.6401,506,201.0421,0,1,1,4,Compiling
10.1473,24.8503,20.2419,32.5464,0.7254,0.0128,5.5869,458,58.58,1,1,0,3,Coding
53.4794,59.7605,3.1648,71.4769,-0.3485,0.0734,2.6464,491,156.7818,1,0,0,1,Gaming
70.1137,74.3723,3.6066,55.3581,5.847,0.0127,18.3681,466,156.1656,1,0,1,4,Compiling
3.4806,4.6164,0.655,31.9105,-0.4884,0.0059,0.6557,437,47.1602,0,0,0,2,Idle
11.3624,23.8589,13.1386,43.4078,2.6243,0.1177,1.0257,469,108.3265,0,0,0,0,Video_Call
68.1409,83.2495,3.0723,76.9349,0.1939,0.064,1.5578,484,163.4009,0,0,0,1,Gaming
62.2801,73.3679,2.6287,69.9133,0.0021,0.0149,0.9603,474,133.4386,0,0,0,1,Gaming
8.152,27.579,17.5801,49.9394,4.2489,0.0513,1.2412,457,123.8523,0,1,0,5,Browsing
9.8223,21.7753,19.703,41.0171,3.7489,0.0352,1.4691,474,142.9098,0,1,0,5,Browsing
3.6208,4.3491,1.2511,31.7708,0.1563,0.0038,0.4806,434,43.669,0,0,0,2,Idle
3.2547,7.8259,1.2164,29.2743,0.1119,0.002,1.3813,446,44.8703,0,0,0,2,Idle
71.3207,79.074,4.7072,54.9283,5.4917,0.0053,16.3545,504,182.6079,1,1,1,4,Compiling
73.9865,78.4596,5.9182,66.13,3.3489,0.0024,24.854,506,177.8715,1,0,1,4,Compiling
13.9931,21.9428,14.6094,50.8666,3.2106,0.0751,1.0448,454,160.5973,0,1,0,0,Video_Call
3.9135,5.0582,0.6564,27.8729,-0.7226,0.0032,0.5156,432,46.203,0,0,0,2,Idle
7.4305,16.4296,17.0463,44.777,8.2678,0.0597,1.708,465,123.3661,0,1,0,5,Browsing
59.7379,66.9705,2.7791,74.3319,-0.2977,0.0143,0.7368,461,109.3654,0,0,0,1,Gaming
6.4086,22.0348,21.7312,44.9793,6.0131,0.0336,0.8744,473,101.5441,0,1,0,5,Browsing
83.068,91.4498,5.163,68.1057,6.5648,-0.0066,19.2834,534,173.3372,1,0,1,4,Compiling
78.2218,88.5801,7.7895,64.3092,4.2924,0.0079,23.8256,485,179.2408,1,0,1,4,Compiling
4.2744,6.2804,2.2864,28.4677,0.0113,0.0076,0.4497,448,43.1287,0,0,0,2,Idle
73.7211,81.9152,3.1106,68.6927,0.0889,0.0245,2.5233,456,159.0014,0,1,0,1,Gaming
8.1163,20.8873,18.771,54.6969,4.2623,0.0424,1.6086,468,89.9562,0,1,0,5,Browsing
88.4284,91.867,4.7168,56.1695,4.0692,-0.0107,21.7692,512,175.8914,1,0,1,4,Compiling
8.5499,24.5267,19.1783,39.2389,4.7695,0.0314,2.4916,448,115.7659,0,1,0,5,Browsing
10.0595,20.7231,19.8541,45.3536,2.3013,0.1125,0.8921,465,133.2777,0,1,0,0,Video_Call
89.1668,96.9761,4.645,67.3126,2.6308,-0.0062,13.4244,484,193.4958,1,0,1,4,Compiling
69.7098,78.2924,1.3937,74.7802,-0.2129,0.0207,2.4615,463,121.5792,0,0,0,1,Gaming
77.5396,88.362,4.6989,61.818,0.5456,-0.0175,26.5025,507,200.2227,1,1,1,4,Compiling
4.2323,7.5704,1.664,30.9101,0.0849,0.0085,0.8275,434,47.1431,0,0,0,2,Idle
7.8419,20.456,17.2498,43.0097,-2.1469,0.1447,1.495,482,133.5324,0,1,0,0,Video_Call
7.4225,24.0308,23.8103,51.9401,4.4377,0.0231,1.85,485,110.7445,0,1,0,5,Browsing
3.5586,4.0586,0.9432,34.5525,0.581,0.0054,0.7496,439,50.7834,0,0,0,2,Idle
4.6268,16.8729,20.0146,40.0748,7.468,0.0394,0.772,466,101.6075,0,1,0,5,Browsing
5.5326,17.2707,21.6506,30.559,1.6859,0.0089,5.0856,460,61.7927,1,1,0,3,Coding
7.1033,18.2759,22.9055,30.7398,0.9957,0.0115,4.7762,466,60.6913,1,1,0,3,Coding
8.4211,25.5174,12.9118,44.3352,3.5906,0.083,1.0237,468,118.3275,1,1,0,0,Video_Call
7.8196,21.7734,19.5914,44.9148,8.2855,0.0349,2.0511,453,126.4523,0,1,0,5,Browsing
51.5322,63.9098,2.7751,75.8524,-1.1559,0.0217,0.9754,485,123.2831,0,0,0,1,Gaming
70.7204,81.0355,3.0893,65.7893,0.3641,0.0625,3.6347,472,138.2676,0,0,0,1,Gaming
69.7233,82.0256,3.0582,81.881,0.3145,0.0465,1.401,478,141.0674,0,0,0,1,Gaming
83.282,95.4918,4.9297,68.4412,4.0053,-0.0251,18.1748,494,188.0928,0,0,1,4,Compiling
2.9278,6.2828,0.7723,32.3192,-0.0856,0.0043,0.7646,446,39.8392,0,0,0,2,Idle
14.0474,29.4321,26.8884,37.6441,5.2818,0.0505,1.789,459,103.6373,0,1,0,5,Browsing
65.061,75.3598,4.4918,65.4742,0.8001,0.0323,2.2281,457,132.1857,0,0,0,1,Gaming
12.8872,24.9472,8.894,49.5629,1.0089,0.0683,0.894,470,122.3037,0,1,0,0,Video_Call
82.2999,92.5806,4.7577,71.0083,3.9588,-0.0245,18.5945,477,168.6036,0,0,1,4,Compiling
75.0311,86.1327,4.4267,65.8261,-0.3148,0.0408,1.7526,457,164.745,0,0,0,1,Gaming
59.9505,73.1953,2.6196,65.7303,0.3363,0.0311,2.4309,468,116.6001,0,0,0,1,Gaming
53.3668,63.0496,3.8583,70.8113,0.2569,0.0232,1.9951,471,142.8318,0,0,0,1,Gaming
2.8752,4.7954,0.8601,29.8931,-0.4643,-0.0036,0.7127,444,48.1186,0,0,0,2,Idle
4.4979,5.1138,1.3126,25.7104,-0.3811,0.0045,1.2732,444,48.3886,0,0,0,2,Idle
8.7428,18.2308,18.7831,32.1861,1.3376,0.0119,4.9981,457,64.1017,1,0,0,3,Coding
2.5175,4.7354,1.2502,31.5746,-0.156,-0.0047,0.7151,451,60.0347,0,1,0,2,Idle
14.6757,32.4062,17.3662,43.1879,5.8473,0.0363,0.9788,473,109.828,0,1,0,5,Browsing
4.2091,5.341,1.5425,29.4743,0.0945,0.0076,0.5282,448,46.9441,0,0,0,2,Idle
8.2983,20.4034,22.2244,25.9663,0.6188,0.0024,4.5242,458,70.0037,1,1,0,3,Coding
10.4364,23.0006,19.2052,31.9427,0.2481,0.0037,5.8862,461,58.7215,1,1,0,3,Coding
6.4977,16.478,22.6803,37.2751,6.5768,0.0348,2.2326,447,109.656,0,1,0,5,Browsing
9.2727,23.5918,19.3326,32.22,-1.2821,0.004,5.2718,465,66.4779,1,1,0,3,Coding
6.708,12.5466,18.8543,48.1933,3.5447,0.0937,0.5598,502,133.2376,0,1,0,0,Video_Call
71.5449,77.8046,8.4123,56.0883,4.8581,0.0105,16.4717,484,132.3146,1,0,1,4,Compiling
86.0925,96.2498,3.933,59.0225,6.3933,0.0055,16.6329,486,183.2609,1,0,1,4,Compiling
7.6245,19.0716,15.3467,47.1295,1.8082,0.0568,2.0357,485,124.496,0,1,0,0,Video_Call
3.7459,7.6637,2.0013,26.7956,0.0396,0.0033,1.3939,443,50.5837,0,0,0,2,Idle
6.1789,15.6696,16.1549,44.9451,2.5633,0.0708,1.4179,465,131.2477,0,1,0,0,Video_Call
3.6015,6.4116,0.9556,34.467,-0.0095,0.006,0.9153,454,47.9451,0,0,0,2,Idle
10.3442,24.4354,13.4309,55.4924,2.3012,0.0865,0.6199,489,130.5477,0,1,0,0,Video_Call
7.1395,18.2546,24.9779,32.8042,-0.4498,0.0072,6.4312,461,57.793,1,1,1,3,Coding
7.1717,25.2007,5.9572,50.4027,3.0604,0.0904,1.4628,478,140.2253,0,1,0,0,Video_Call
7.1488,25.4143,15.6983,35.8304,0.5396,0.0065,6.1395,449,62.9677,1,1,0,3,Coding
11.4456,28.0626,7.6945,45.479,4.6512,0.113,1.2629,450,168.0964,1,1,0,0,Video_Call
57.0268,69.4293,3.2902,67.8492,-0.1378,0.0426,1.2054,428,127.5752,0,0,0,1,Gaming
13.7045,31.6798,14.345,48.5686,-2.1118,0.1011,0.4885,458,115.8693,0,1,0,0,Video_Call
8.7058,21.6675,22.7304,37.6167,0.1733,0.0155,4.5562,459,54.8543,1,1,0,3,Coding
13.1463,22.4872,16.5229,45.9987,2.7951,0.0142,1.9316,457,146.5577,0,1,0,5,Browsing
57.4195,65.883,1.0435,82.2185,-0.832,0.0322,2.0811,453,122.4607,0,0,0,1,Gaming
1.5112,2.3039,2.074,26.3959,-0.168,0.0053,0.8281,433,42.75,0,0,0,2,Idle
8.3086,23.4066,15.4964,52.114,1.7537,0.083,0.53,475,126.2723,0,1,0,0,Video_Call
11.4047,23.3494,20.0095,40.8314,4.9891,0.1218,0.9279,465,136.8315,0,1,0,0,Video_Call
64.1379,76.6075,1.9318,62.8964,0.0764,0.0433,1.5192,472,149.869,1,0,0,1,Gaming
2.3076,4.0488,1.1061,30.9042,-0.1045,0.0057,0.8354,439,46.9319,0,0,0,2,Idle
8.7595,22.1154,20.8115,34.6531,4.2969,0.0224,1.2042,466,111.8393,0,1,0,5,Browsing
65.4607,77.6084,4.8784,76.3063,0.0273,0.0478,1.7508,469,137.8496,0,0,0,1,Gaming
77.3797,86.1456,5.27,59.8197,2.9017,-0.0062,25.7647,472,169.9552,0,0,1,4,Compiling
4.8134,7.1466,1.4327,25.3839,-0.0353,0.0041,0.0,445,49.131,0,0,0,2,Idle
8.7989,24.1082,19.1442,36.3967,-0.1133,0.0118,5.2034,459,55.6602,1,0,0,3,Coding
57.1406,70.8126,2.8869,74.1294,-0.1397,0.0169,1.8182,480,139.9812,0,0,0,1,Gaming
77.3586,81.3917,4.8153,68.5542,5.9946,0.0129,21.4874,500,208.4612,1,0,1,4,Compiling
9.0985,22.8493,23.0117,38.9243,-1.1277,0.0053,4.5268,455,54.0276,1,1,0,3,Coding
65.7105,76.8469,2.6743,69.7801,0.0033,0.0236,2.3425,465,136.9718,0,0,0,1,Gaming
2.4489,5.0243,1.2915,33.5333,0.1519,0.0057,0.971,440,56.4403,0,0,0,2,Idle
94.1713,100.0,6.2438,66.2966,7.4637,0.0118,23.0324,478,196.3806,1,1,1,4,Compiling
5.4833,21.165,13.4237,39.5156,1.8947,0.0535,1.8014,487,146.5829,0,0,0,0,Video_Call
4.4233,5.4547,1.8415,31.3386,-0.5505,0.0056,0.6125,441,45.0322,0,0,0,2,Idle
7.802,17.1332,18.4861,47.6989,7.7031,0.0256,1.6739,491,137.0626,0,0,0,5,Browsing
10.9221,12.7647,11.6271,46.2337,0.2299,0.0344,1.8569,469,113.1145,0,1,0,0,Video_Call
9.4733,22.6015,20.4296,52.1995,1.3582,0.0867,0.7994,479,115.2867,1,1,0,0,Video_Call
7.2548,13.9334,18.8485,31.4314,0.2848,0.0097,4.8516,453,56.4151,1,1,0,3,Coding
48.0018,62.9407,4.9377,79.8218,-0.2237,0.04,3.0216,471,137.8421,0,0,0,1,Gaming
67.4285,77.5044,1.9672,73.8698,-0.3577,0.0306,1.7685,478,127.8537,0,0,0,1,Gaming
87.3884,95.6927,5.9471,55.2844,2.3794,-0.0001,20.1395,514,174.3714,1,0,1,4,Compiling
3.2077,6.621,1.0644,30.7742,-0.454,0.0072,0.7428,446,45.3613,0,0,0,2,Idle
79.0963,89.8769,3.1164,65.6849,1.1633,0.001,22.2227,497,179.4288,1,0,1,4,Compiling
91.6079,98.5376,2.5951,68.8999,5.9852,-0.0153,14.1536,558,158.1264,1,0,1,4,Compiling
4.8121,19.472,17.7538,53.7283,1.6476,0.0924,1.1783,475,119.8954,0,1,0,0,Video_Call
9.0627,23.4558,15.768,45.3959,0.3034,0.0877,1.6184,454,123.9226,0,1,0,0,Video_Call
8.9192,19.3057,24.3064,42.25,5.9262,0.0193,1.1008,449,142.6412,0,1,0,5,Browsing
10.4358,17.1474,9.5006,41.0095,3.2278,0.0915,0.9979,479,109.8422,0,1,0,0,Video_Call
12.0943,30.0716,23.6469,39.001,5.4509,0.0404,2.4536,487,112.8312,0,1,0,5,Browsing
14.3746,25.804,22.922,36.751,5.3777,0.0395,2.1992,479,117.6719,0,1,0,5,Browsing
9.2767,27.4273,18.5519,41.7425,2.6767,0.1073,1.2048,481,133.4062,1,1,0,0,Video_Call
8.9834,25.971,20.2558,44.0093,7.094,0.0408,1.9218,470,103.6638,0,1,0,5,Browsing
6.8743,20.8872,17.4849,46.8606,0.0399,0.1289,0.8819,455,143.4822,0,1,0,0,Video_Call
7.2537,18.5194,19.7115,31.7375,-0.4353,0.0101,4.8253,464,68.765,1,0,0,3,Coding
4.7038,22.1715,21.1954,47.7834,6.7379,0.0658,1.3086,475,115.0135,0,1,0,5,Browsing
9.2422,23.7813,19.4602,44.8684,3.3123,0.033,1.6508,501,123.1673,0,1,0,5,Browsing
72.0827,83.6277,2.9038,73.9638,-0.5041,0.0446,2.971,468,150.7947,0,0,0,1,Gaming
7.8717,28.4893,14.8149,45.3942,0.7537,0.1237,1.1714,463,127.9949,0,1,0,0,Video_Call
5.6371,19.4357,15.3011,40.2827,4.9763,0.0311,1.8789,435,92.4482,0,1,0,5,Browsing
9.0887,23.0008,17.2525,35.0589,0.2534,0.0051,5.3745,454,60.4813,1,1,0,3,Coding
10.9021,27.1084,11.3633,49.6299,2.338,0.091,1.7047,474,136.8146,1,1,0,0,Video_Call
6.991,15.1722,10.6535,41.1018,2.879,0.0259,1.6886,450,105.3332,0,1,0,5,Browsing
60.473,68.872,0.2852,74.6206,0.2765,0.0218,1.467,487,135.7525,0,0,0,1,Gaming
5.5742,18.6338,19.5583,31.9735,-1.4172,0.0066,5.5955,456,56.6061,0,0,0,2,Idle
6.255,13.8396,11.1136,42.5301,0.3599,0.0332,1.6371,497,112.8831,0,1,0,0,Video_Call
68.777,81.9942,2.3452,65.1403,-0.0551,0.081,0.5095,495,155.6867,1,0,0,1,Gaming
4.2963,6.3254,1.5916,29.4482,-0.2065,0.0034,1.273,437,46.5722,0,0,0,2,Idle
6.7483,21.7138,19.3613,42.7264,1.502,0.0613,2.2571,477,130.0648,0,1,0,0,Video_Call
7.6887,16.2999,16.697,49.2863,6.5277,0.0604,2.4165,442,95.2429,0,1,0,5,Browsing
86.803,94.4095,7.5627,68.945,3.3509,0.0089,20.4542,501,194.2109,1,0,1,4,Compiling
7.9186,24.4671,20.0787,32.5023,0.4609,0.0118,5.3313,453,54.969,1,0,0,3,Coding
11.0693,22.1907,25.7864,53.0122,2.8612,0.0322,1.7243,496,110.4638,0,1,0,5,Browsing
9.0888,26.5151,21.1221,45.5589,-0.4918,0.026,2.4344,488,103.39,0,1,0,0,Video_Call
59.4086,65.7416,1.854,71.8662,-0.5321,0.0594,0.9807,514,133.6083,0,0,0,1,Gaming
13.3938,25.1172,15.9404,46.9837,0.1404,0.1049,1.1056,482,140.9962,0,1,0,0,Video_Call
7.5065,19.0242,13.5513,50.2216,2.7161,0.0955,0.9265,476,104.0068,0,1,0,0,Video_Call
81.1359,89.0314,6.7242,72.6206,6.7426,0.0021,28.6623,505,171.2397,1,0,1,4,Compiling
8.6746,18.8819,18.0537,44.353,8.5295,0.0542,1.7338,469,140.7657,0,1,0,5,Browsing
7.0334,24.1476,15.8915,45.4615,7.6002,0.0352,2.041,478,113.7187,0,1,0,5,Browsing
9.3239,20.9735,12.0693,46.4994,4.1422,0.1044,1.398,472,136.6887,0,1,0,0,Video_Call
62.025,76.2989,3.6274,69.386,0.0137,0.0451,3.0153,472,121.1994,0,0,0,1,Gaming
17.1417,29.4837,16.0528,58.6076,1.0501,0.097,1.0415,440,152.7176,0,1,0,0,Video_Call
84.8962,91.3567,4.6938,67.1408,3.427,0.003,16.0957,489,196.1446,1,0,1,4,Compiling
84.9409,93.1115,3.7318,58.4006,7.2632,-0.0102,21.7275,477,155.2666,1,1,1,4,Compiling
6.0296,14.3157,24.3485,40.1303,4.0241,0.0364,1.4578,458,107.4006,0,1,0,5,Browsing
7.7572,20.6888,23.3794,35.3847,-0.074,0.0092,7.0397,453,64.3238,1,1,0,3,Coding
82.4811,90.8335,3.9505,51.7518,7.4063,-0.0056,26.3995,538,222.5743,1,0,0,4,Compiling
61.2729,72.6657,2.7994,68.7179,0.0809,0.0214,1.9336,486,141.9346,0,0,0,1,Gaming
9.3395,25.8184,16.9816,53.0962,2.7809,0.0972,1.0979,495,123.6886,0,0,0,0,Video_Call
3.8892,7.6986,0.895,34.4113,-0.0787,-0.0029,1.0092,441,41.7059,0,0,0,2,Idle
67.5003,86.0594,2.5741,69.517,-0.3707,0.0855,2.4583,518,147.4585,0,0,0,1,Gaming
81.3394,90.1144,2.5766,54.4388,3.0483,0.0086,21.6847,483,143.5813,1,0,1,4,Compiling
8.2683,26.0517,19.1503,34.0023,-0.4852,0.0136,3.9877,452,64.3998,1,1,0,3,Coding
8.3165,17.4419,24.3465,39.2307,0.6544,0.0083,5.8042,453,65.8866,1,1,0,3,Coding
89.5782,100.0,3.391,53.8984,5.2003,-0.007,18.4187,492,154.4046,1,0,1,4,Compiling
6.2476,9.9128,0.5691,25.3896,-0.0441,0.0113,1.0629,437,53.0098,0,0,0,2,Idle
68.0384,78.914,2.4855,61.3839,2.5558,-0.0058,23.8955,483,153.1654,1,1,1,4,Compiling
9.9041,20.518,17.567,31.5842,0.4411,0.0082,5.5014,455,66.8476,1,1,0,3,Coding
66.0699,77.9093,2.3534,70.4176,0.1472,0.0541,3.2629,485,118.9857,0,0,0,1,Gaming
4.5792,6.6853,1.4529,26.88,-0.3209,0.0067,0.5587,433,46.933,0,0,0,2,Idle
8.0118,21.0446,22.7573,37.0049,1.0012,0.0114,4.6434,462,60.7418,1,1,0,3,Coding
7.3464,16.6198,26.3688,34.2842,0.9885,0.0082,5.7618,459,69.7599,1,1,0,3,Coding
6.3268,22.8216,20.5645,51.0299,8.5216,0.031,2.0654,492,120.3564,0,1,0,5,Browsing
3.6885,6.4765,2.8072,29.493,0.0677,0.0119,0.478,433,38.4076,0,0,0,2,Idle
81.2291,90.8574,2.5514,56.9545,0.5288,-0.0007,23.118,467,157.7423,1,1,0,4,Compiling
78.8311,84.8466,2.8494,68.9455,7.4261,-0.0045,28.0001,497,168.6624,1,0,1,4,Compiling
81.3372,89.3776,2.6815,69.5823,0.4678,0.0261,2.9617,464,140.4086,0,0,0,1,Gaming
80.1695,91.5887,7.4689,67.8873,0.959,0.0032,23.9711,482,193.5753,1,0,1,4,Compiling
10.1329,22.6378,21.6962,26.9488,-1.1631,0.012,4.8864,460,55.3642,1,0,0,3,Coding
2.3613,5.9333,0.9235,30.2671,0.0424,0.0046,1.1917,438,40.3419,0,1,0,2,Idle
7.864,21.3993,23.0892,32.8129,-1.9732,0.0094,5.6031,459,50.3126,1,1,0,3,Coding
83.4428,93.3478,5.4828,60.2875,5.3246,-0.0017,25.1283,518,160.8479,1,1,1,4,Compiling
4.4212,17.8625,19.9834,39.1189,7.0013,0.0455,2.6671,427,88.8048,0,1,0,5,Browsing
6.9502,18.2115,14.383,41.1676,11.0565,0.0379,1.9329,481,126.0633,0,1,0,5,Browsing
11.6199,28.8246,11.3621,41.6883,-0.153,0.0893,0.9662,488,117.3447,0,1,0,0,Video_Call
10.0446,23.7817,15.5628,52.3545,4.1864,0.1284,1.1954,461,125.9395,0,1,0,0,Video_Call
73.4923,77.6398,2.5425,70.5376,-0.2787,0.0701,2.6327,467,132.0492,0,0,0,1,Gaming
7.0908,24.7943,14.7314,49.7396,3.3083,0.0642,1.0704,458,137.6017,0,1,0,0,Video_Call
10.6903,21.6669,21.0736,36.8151,0.4871,0.0065,5.2209,457,59.7825,1,1,0,3,Coding
93.9824,100.0,6.1492,58.5405,5.4988,0.003,17.6136,504,155.2365,1,0,1,4,Compiling
3.1601,5.9097,0.338,29.9407,0.147,0.0066,0.369,438,44.7154,0,0,0,2,Idle
4.7838,7.1071,1.1315,28.5884,-0.6085,0.0057,1.2068,452,64.1205,0,0,0,2,Idle
64.0857,73.3284,4.2471,69.6698,0.1351,0.0792,3.6719,490,129.3432,0,0,0,1,Gaming
86.0521,93.3738,2.6456,73.8199,7.6319,0.0148,25.7513,498,164.801,0,0,1,4,Compiling
9.2789,25.6621,20.5315,46.5206,8.1932,0.0775,0.564,503,121.9081,0,1,0,5,Browsing
8.1526,22.9744,19.2148,36.1357,-0.8449,0.007,4.7894,452,64.487,1,1,0,3,Coding
1.9586,4.2443,1.4871,30.5097,0.4037,0.0099,0.7662,438,44.0336,0,0,0,2,Idle
8.0509,10.7821,22.3415,46.5421,0.7603,0.0456,2.0986,495,104.4826,0,1,0,0,Video_Call
4.3712,6.6897,1.0799,34.4892,-0.0619,-0.0004,1.1943,450,45.6392,1,0,0,2,Idle
13.2369,17.0305,14.1768,43.0861,4.2521,0.0972,0.7882,479,129.1906,0,1,0,0,Video_Call
69.5579,82.4465,3.2902,73.5452,0.4707,0.0472,2.2289,469,121.0225,0,0,0,1,Gaming
10.1853,26.3683,15.3106,59.0422,3.8267,0.1025,0.6616,469,123.7492,0,1,0,0,Video_Call
80.3328,88.053,4.6263,58.0963,3.4427,0.0058,27.1777,504,162.8805,1,0,1,4,Compiling
56.0289,68.182,3.4676,83.6004,-0.5523,0.0565,1.935,466,107.3214,0,1,0,1,Gaming
8.8592,23.0328,25.1989,46.3884,2.4641,0.0461,0.9796,439,138.6647,0,1,0,5,Browsing
11.0603,18.6369,10.9667,48.5935,2.7076,0.0735,0.6176,469,122.8694,0,1,0,0,Video_Call
8.9344,17.9534,21.2847,39.4315,0.148,0.0093,5.942,459,65.7686,1,1,0,3,Coding
11.0659,22.8705,9.8837,46.2783,1.6159,0.098,1.7492,465,131.6733,1,1,0,0,Video_Call
76.3435,87.7419,6.6644,60.2438,1.3058,0.02,16.7214,525,172.0832,0,1,1,4,Compiling
10.4665,24.5586,19.3553,31.2264,2.6562,0.0084,5.4412,447,60.8409,1,1,0,3,Coding
2.3941,4.0113,1.4647,23.4533,0.3267,0.0123,0.2256,439,57.3108,0,0,0,2,Idle
9.7753,18.9989,22.2404,40.5269,1.7511,0.0244,2.0172,478,105.2097,0,1,0,5,Browsing
63.3623,74.5288,1.5246,60.8056,-0.0989,0.0592,3.1779,477,144.9876,0,0,0,1,Gaming
9.1402,19.7449,22.4639,36.1158,-0.0004,0.0153,4.5909,452,68.0129,1,1,0,3,Coding
74.1258,80.6143,4.5274,66.9073,5.6376,0.0171,22.412,495,201.8489,1,0,1,4,Compiling
6.578,21.4469,20.1705,48.0014,5.6355,0.024,2.084,458,128.102,0,1,0,5,Browsing
7.892,19.7328,23.0515,32.517,0.6796,0.0015,6.5893,449,58.7476,1,0,0,3,Coding
82.8849,93.5425,5.2262,73.0684,2.7529,0.0008,27.9361,502,202.4825,1,1,1,4,Compiling
72.2401,78.7317,4.3299,71.903,-0.7542,0.0913,2.7372,480,124.1312,0,0,0,1,Gaming
9.1713,24.8008,18.1188,43.3867,1.5697,0.0717,1.3378,464,109.4074,0,1,0,0,Video_Call
83.1196,91.3395,5.5175,55.9974,2.4871,0.0146,12.3397,482,201.5901,1,0,1,4,Compiling
2.398,4.1332,1.2614,30.0741,0.5699,0.0055,0.3169,437,43.5633,0,0,0,2,Idle
10.6349,37.8305,17.715,50.784,0.9515,0.0455,3.1053,485,104.4825,0,0,0,0,Video_Call
78.3715,90.5287,3.6265,63.6123,3.1433,-0.0035,22.2024,484,195.6671,1,0,1,4,Compiling
10.4821,21.4854,21.2641,48.0126,4.7532,0.041,2.2343,465,103.3258,0,1,0,5,Browsing
13.3886,28.5068,23.6209,35.579,5.949,0.0413,2.1458,469,124.8877,0,1,0,5,Browsing
2.6779,6.062,0.7285,28.6526,0.1292,0.0043,0.7259,441,42.825,0,0,0,2,Idle
6.0875,13.967,23.2622,37.3855,1.3762,0.0113,6.3617,451,66.4832,1,1,0,3,Coding
62.898,77.7001,4.1415,78.3089,-0.0434,0.0346,1.2417,488,119.2401,0,0,0,1,Gaming
7.5863,12.2031,22.8641,29.1113,0.1276,0.0037,5.9747,446,59.0628,1,1,0,3,Coding
4.4907,7.0426,1.0695,35.8126,-0.4279,-0.0018,1.5983,443,44.4298,0,0,0,2,Idle
75.5606,87.8777,2.5561,71.3672,-0.1623,0.0265,2.0152,485,152.6142,0,0,0,1,Gaming
47.9684,61.9096,2.4103,68.6623,-0.4336,0.0294,2.4533,444,134.8014,0,0,0,1,Gaming
79.0729,86.8163,2.9495,81.5567,-0.6889,0.0685,1.3079,471,125.6959,0,0,0,1,Gaming
9.5123,25.7996,12.9654,46.3827,3.8488,0.0841,0.6925,484,129.3958,0,1,0,0,Video_Call
4.1409,17.9329,13.4993,43.0023,0.6709,0.0254,1.2498,451,108.0549,0,1,0,0,Video_Call
8.1978,20.4334,15.6829,38.3762,6.976,0.0455,2.4032,467,84.7751,0,1,0,5,Browsing
5.1958,6.5299,1.3315,27.1761,0.2854,0.001,0.1376,445,39.2378,0,0,0,2,Idle
77.238,85.9191,4.6987,66.3119,2.5329,0.0153,14.6566,468,155.1156,1,1,1,4,Compiling
4.7652,20.7728,13.9326,50.8768,4.1098,0.0593,2.1374,487,96.2568,0,1,0,5,Browsing
6.4938,20.2846,9.541,47.3216,2.5179,0.0984,0.88,459,104.8835,0,1,0,0,Video_Call
17.4147,31.7466,13.0104,46.1381,3.4334,0.0753,1.4273,471,122.5655,0,1,0,0,Video_Call
2.8207,4.5647,1.68,29.3625,0.2593,0.0056,0.7529,442,42.0224,0,0,0,2,Idle
5.6341,18.8549,17.0715,56.8375,2.8446,0.0353,1.6879,467,90.7248,1,1,0,3,Coding
4.0525,5.6387,0.952,31.5447,0.2927,-0.0005,1.3189,430,47.0384,0,0,0,2,Idle
12.736,24.8866,18.8951,48.567,1.4454,0.073,1.2497,486,88.831,0,1,0,0,Video_Call
7.2864,21.5627,12.8485,44.2434,2.5525,0.042,1.6483,479,125.9855,0,1,0,0,Video_Call
84.8555,90.581,5.5899,58.5037,7.1506,-0.003,23.3011,507,156.6699,1,0,1,4,Compiling
88.3987,98.7219,5.0304,53.6621,7.7111,0.0049,25.7218,505,202.742,1,1,1,4,Compiling
10.6363,31.1853,17.561,45.5864,5.2852,0.0471,2.0126,488,103.0103,0,1,0,5,Browsing
59.6697,73.4479,4.2521,74.2752,-0.3898,0.0555,2.0077,463,129.427,0,0,0,1,Gaming
72.5106,77.2825,4.3385,75.0037,0.1262,0.0342,1.3267,482,131.9634,0,0,0,1,Gaming
10.0784,21.0099,12.8533,32.3562,-0.318,0.006,6.3426,458,55.8434,1,1,0,3,Coding
8.3561,19.1954,26.8137,33.0955,1.1686,0.0125,5.1598,460,60.4287,1,1,0,3,Coding
6.0814,17.1313,17.2951,49.1097,2.1699,0.0447,1.4601,460,104.6991,0,1,0,0,Video_Call
11.2777,28.6291,16.3797,52.3601,1.7989,0.0794,1.0439,455,118.9508,0,1,0,0,Video_Call
10.8546,26.8699,21.0641,30.5322,1.1709,0.0085,5.2924,453,57.725,1,1,0,3,Coding
6.7267,20.5033,19.3491,34.3651,-1.1061,0.0072,5.8132,451,65.8121,1,0,0,3,Coding
89.2836,96.6715,3.3603,57.5353,10.6145,-0.0173,21.1895,501,164.4565,1,0,0,4,Compiling
5.1762,16.0035,20.1649,29.8964,0.6488,0.0126,5.7773,448,58.6115,1,1,0,3,Coding
7.1661,21.864,21.696,33.9393,-0.5748,0.01,4.7266,453,58.1845,1,1,0,3,Coding
3.011,4.8835,0.2625,32.0291,-0.3471,0.009,1.2039,440,47.5235,0,0,0,2,Idle
9.068,25.5675,20.1062,30.9592,2.2157,0.0102,6.6071,454,57.7354,1,0,0,3,Coding
7.9227,15.9012,20.6862,34.9887,2.078,0.0152,5.6606,464,63.1776,1,1,0,3,Coding
12.8298,34.3882,13.0938,49.3067,1.466,0.1003,1.0459,449,136.7257,0,1,0,0,Video_Call
5.1321,23.0225,15.2553,41.3916,3.4413,0.0886,0.9675,461,125.9824,0,1,0,0,Video_Call
2.1394,2.6394,1.5897,32.6397,-0.1239,0.0048,1.502,435,39.8915,0,0,0,2,Idle
79.4806,86.6244,6.554,62.1919,3.6494,0.0013,20.1618,495,185.9685,1,1,1,4,Compiling
11.865,30.7629,12.6171,43.694,2.7225,0.0601,1.1984,468,122.5419,0,1,0,0,Video_Call
10.8953,21.5532,19.6868,38.5141,-0.0297,0.0811,0.8202,473,128.0965,0,0,0,0,Video_Call
69.3802,84.5398,3.0686,67.977,-0.3327,0.0256,1.9136,483,142.0879,0,0,0,1,Gaming
9.2032,25.4098,17.3154,42.3533,5.9154,0.0297,1.6826,478,124.4107,1,1,0,5,Browsing
9.3378,25.4342,22.8906,40.1758,4.3537,0.0272,2.1144,474,126.5363,0,1,0,5,Browsing
7.3967,17.8765,21.3092,42.6414,2.4966,0.0495,1.6555,449,106.0511,0,1,0,5,Browsing
8.9268,22.3436,13.1243,45.9125,1.4578,0.0868,1.077,477,104.7718,0,1,0,0,Video_Call
1.8721,18.942,16.3536,42.6264,0.3933,0.0433,2.4481,431,132.397,0,1,0,0,Video_Call
7.7388,24.9144,17.1519,44.8599,1.1298,0.1234,1.1018,461,133.5243,0,1,0,0,Video_Call
68.7542,85.9818,3.81,72.8883,-0.4562,-0.0055,3.7513,454,128.6131,0,0,0,1,Gaming
73.179,85.7664,2.501,68.3053,-0.4298,0.0503,1.7985,468,140.6252,0,0,0,1,Gaming
86.9105,96.0545,5.4425,53.9147,10.5985,0.0074,28.0534,477,160.1312,1,0,1,4,Compiling
10.8778,17.2146,15.286,43.1498,4.5417,0.0424,1.4822,498,125.2427,0,1,0,5,Browsing
10.6763,26.7782,18.7695,47.6568,2.2236,0.0872,1.2377,474,127.8471,0,1,0,0,Video_Call
9.227,15.1268,15.6011,38.0729,0.7186,0.0161,1.7415,452,135.2574,0,1,0,5,Browsing
6.5024,16.1441,22.8316,45.4033,2.2888,0.0302,1.485,489,84.3205,0,1,0,5,Browsing
72.0765,77.4791,4.1389,63.4714,8.0305,0.0185,18.6386,522,140.3217,0,0,1,4,Compiling
9.3035,23.6007,25.488,31.8119,-0.7268,0.0503,2.0351,501,121.9713,0,1,0,0,Video_Call
10.0606,19.748,24.7889,35.6085,-0.4986,0.0141,4.7887,454,63.5501,1,1,0,3,Coding
66.3454,75.816,3.7499,71.9097,0.2493,0.0637,2.9167,453,126.7421,0,0,0,1,Gaming
7.2991,16.0755,21.7782,32.4106,-0.007,0.0116,6.2053,456,52.3233,1,0,0,3,Coding
8.1858,20.4642,20.2011,32.2697,0.6422,0.01,5.218,455,58.9782,1,1,0,3,Coding
7.0702,14.5791,14.703,52.5277,1.2129,0.0904,1.373,455,137.785,0,1,0,0,Video_Call
5.4847,15.2553,12.9759,42.9574,1.9083,0.035,2.044,458,105.7963,0,1,0,0,Video_Call
86.1939,94.9159,4.2354,59.8089,3.4083,0.0071,22.6568,500,124.3004,1,0,1,4,Compiling
10.4641,31.0521,15.9958,48.9473,1.8344,0.081,0.2158,466,121.6886,1,1,0,0,Video_Call
2.1649,5.7532,1.1954,25.1156,-0.2235,0.0036,0.4803,452,50.2213,0,0,0,2,Idle
82.4783,94.2086,3.2115,75.1499,-0.2672,0.0271,2.7833,491,145.743,0,0,0,1,Gaming
85.2079,92.2663,6.3359,54.238,5.7214,0.013,23.6389,502,159.3428,1,0,1,4,Compiling
7.792,24.3102,23.1055,30.3528,-0.0749,0.007,5.6708,454,65.7286,1,1,0,3,Coding
59.9866,73.3797,3.4466,68.0007,0.5454,-0.0035,1.6616,477,161.0485,0,1,0,1,Gaming
11.5139,28.2767,14.0216,49.6246,1.6839,0.1005,1.6034,478,116.4001,0,1,0,0,Video_Call
4.0784,17.8302,15.4549,50.5045,3.5167,0.1066,0.9476,484,148.5646,0,1,0,0,Video_Call
2.727,5.6905,0.5384,28.4163,0.2674,0.0052,0.6605,455,44.4673,0,1,0,2,Idle
13.0725,33.3366,18.0569,53.1624,1.3881,0.094,0.8931,484,133.9156,0,1,0,0,Video_Call
8.9305,24.9636,17.6937,51.5969,3.6954,0.089,1.0476,482,123.8597,0,1,0,0,Video_Call
5.6631,17.7243,15.7699,53.0781,3.5828,0.0253,0.7965,484,135.3746,0,1,0,5,Browsing
6.1274,19.7617,16.8328,49.946,4.2385,0.048,1.3371,453,108.9139,0,1,0,5,Browsing
4.2328,6.0161,1.4938,34.3729,0.1288,-0.0001,0.8355,442,41.8327,0,0,0,2,Idle
3.4268,15.574,18.6809,47.0689,0.7597,0.0265,1.0082,471,125.7055,0,1,0,0,Video_Call
84.6991,90.8669,3.9197,51.4901,6.0541,0.0082,22.634,504,192.4491,1,1,1,4,Compiling
3.0363,5.1852,1.2088,34.7304,-0.0121,0.0125,1.2976,449,42.629,0,0,0,2,Idle
93.5459,100.0,4.2814,59.6391,7.5988,0.001,19.798,482,141.4059,1,0,1,4,Compiling
83.9862,93.7055,5.1591,60.0947,5.9242,-0.0066,18.229,495,184.6333,1,0,1,4,Compiling
1.8972,5.1039,0.2955,27.6168,0.4049,0.0078,1.0659,443,55.4779,0,1,0,2,Idle
79.764,88.4916,4.8587,64.1014,5.53,0.006,19.0635,481,180.2383,1,0,1,4,Compiling
10.2331,25.2035,20.9302,32.3917,2.2519,0.0082,5.2616,453,58.2574,1,0,0,3,Coding
2.8696,5.844,0.956,30.665,0.2899,0.0033,0.642,456,55.3818,0,0,0,2,Idle
55.7389,61.6283,3.4727,69.2329,-0.1686,0.0373,1.3201,494,143.8147,0,0,0,1,Gaming
82.0716,87.5973,5.2955,70.3521,6.5988,-0.0048,10.9601,468,184.3413,1,0,1,4,Compiling
90.5688,100.0,4.2333,48.5572,5.937,-0.0066,22.7541,543,173.9334,1,1,1,4,Compiling
64.0847,75.6419,3.9219,71.0678,-0.1357,0.0646,2.0565,460,117.662,0,0,0,1,Gaming
76.6167,85.6955,5.6521,59.5934,0.8353,-0.0153,33.8041,514,179.1647,1,1,1,4,Compiling
5.6621,21.0131,21.7312,43.2148,-0.5495,0.0684,1.3766,446,131.9316,0,1,0,0,Video_Call
82.4108,86.0221,3.9134,59.9248,2.4208,-0.0016,22.8889,504,208.1026,1,1,1,4,Compiling
2.9879,4.1797,1.89,33.084,0.3193,0.0006,1.6323,457,48.1283,0,0,0,2,Idle
6.1773,24.2719,16.1704,47.7715,4.503,0.0363,1.9814,480,136.4384,0,1,0,5,Browsing
11.2982,29.6486,22.5994,51.0419,0.2132,0.0071,1.56,458,110.9059,0,1,0,5,Browsing
7.8503,23.9347,16.525,32.8485,7.1632,0.0608,1.1164,441,120.8542,0,1,0,5,Browsing
3.7418,5.1198,0.7639,32.7791,-0.0081,0.0084,0.4505,452,45.9481,0,0,0,2,Idle
50.5722,69.6773,3.0219,72.3812,-0.1948,0.0655,2.3625,481,152.5939,0,0,0,1,Gaming
9.7322,21.8093,22.939,32.0865,1.341,0.0101,4.2934,449,59.2076,1,1,0,3,Coding
9.6134,26.83,22.1896,41.8839,4.9678,0.0274,1.5802,460,147.5587,0,1,0,5,Browsing
9.8817,24.96,16.1658,53.4915,-0.1822,0.0523,1.5872,472,126.1641,1,1,0,0,Video_Call
71.454,76.857,2.479,79.6104,0.3913,0.0203,1.795,470,122.7131,0,0,0,1,Gaming
7.0629,23.574,18.0568,42.5852,4.9248,0.0312,2.162,447,139.8064,0,1,0,5,Browsing
8.616,20.5862,16.454,45.699,6.0019,0.0349,1.566,493,143.4051,0,1,0,5,Browsing
4.7896,27.8333,14.884,51.5789,3.3127,0.08,1.0824,475,119.9151,0,1,0,0,Video_Call
76.5009,91.3028,2.693,74.8424,0.5724,0.0315,2.2529,449,138.2216,0,0,0,1,Gaming
9.0079,18.6242,18.156,41.7656,4.554,0.0492,1.8536,462,130.7792,0,1,0,5,Browsing
79.8722,88.6554,5.4766,67.5058,1.2762,0.0121,20.0424,489,175.1332,0,0,1,4,Compiling
2.1274,4.8107,1.5279,32.597,0.1355,0.004,1.2882,436,55.3781,0,0,0,2,Idle
7.9684,22.5387,12.5896,47.8316,2.1402,0.0969,1.4686,464,131.9299,0,1,0,0,Video_Call
5.4545,7.5053,2.0918,29.6954,-0.3482,0.0001,0.455,439,51.5924,0,0,0,2,Idle
8.1286,20.2815,23.7438,35.9137,0.5134,0.0105,4.84,453,57.2038,1,1,0,3,Coding
12.5705,27.1213,9.791,44.8604,3.2062,0.0808,0.8052,466,157.6503,0,1,0,0,Video_Call
8.2514,20.4578,22.2113,34.5339,0.2504,0.0102,5.7763,456,54.2134,1,1,0,3,Coding
9.4794,26.9578,19.3909,55.2214,2.6249,0.0445,1.1329,458,111.6682,0,1,0,5,Browsing
69.2176,80.9228,4.7747,68.9943,-0.3156,0.0593,2.1677,472,150.4461,0,0,0,1,Gaming
9.9659,27.2268,16.3418,47.7445,-3.5285,0.0869,1.4488,448,101.8553,1,1,0,0,Video_Call
5.6528,8.2648,1.9414,30.3561,0.2078,0.0098,0.5949,428,48.7965,0,0,0,2,Idle
86.2997,98.9281,2.9688,63.75,2.5227,-0.0079,19.9089,503,184.7992,1,0,0,4,Compiling
80.0254,88.2384,4.2471,60.9947,7.7719,-0.0019,21.9051,496,143.2746,1,1,1,4,Compiling
4.8712,8.8235,1.3318,31.7008,-0.2728,-0.0057,0.9622,435,45.793,0,0,0,2,Idle
5.9091,17.2283,14.9371,45.3045,-0.1792,0.0548,1.1369,478,133.2931,0,1,0,0,Video_Call
13.136,24.9913,11.4051,53.9532,2.0293,0.0953,1.719,474,137.9958,0,1,0,0,Video_Call
78.2835,86.9698,6.5545,64.1464,3.4357,-0.0172,17.0376,514,213.9954,1,0,1,4,Compiling
86.1487,96.8416,4.1,60.812,0.4337,0.0105,29.238,520,173.1268,1,0,1,4,Compiling
68.3346,83.1328,2.8918,71.1926,0.0494,0.0618,1.1677,461,125.5751,0,0,0,1,Gaming
7.8979,22.6224,20.1069,33.284,0.8761,0.005,5.2969,457,62.8313,1,0,0,3,Coding
12.8619,28.9219,10.8791,51.0581,1.7471,0.1038,0.7516,470,118.8072,0,1,0,0,Video_Call
10.3101,21.2307,15.4411,51.433,5.4583,0.0247,2.4119,486,174.0849,0,1,0,5,Browsing
8.5875,25.8938,17.7521,41.6585,1.7229,0.0616,2.2915,442,114.9431,0,1,0,0,Video_Call
2.2233,5.141,0.8905,26.9,-0.2582,0.0023,1.01,438,51.5686,0,0,0,2,Idle
10.874,25.1728,18.8223,33.0003,0.852,0.0065,4.8944,454,55.6266,1,1,0,3,Coding
9.986,25.8805,18.1468,34.5489,0.9868,0.0074,6.1404,462,62.3373,1,1,0,3,Coding
6.4239,17.8247,21.0445,33.7982,-0.0233,0.0042,4.5421,460,59.0104,1,1,0,3,Coding
11.3979,26.2042,9.9426,41.0094,2.7694,0.1316,1.6946,472,85.312,0,1,0,0,Video_Call
9.9473,24.9718,22.7125,34.0367,-1.2934,0.0134,5.2301,457,61.8618,1,1,0,3,Coding
12.0444,20.4174,11.9571,42.7668,2.5527,0.0891,1.9476,489,134.3138,0,1,0,0,Video_Call
74.1097,81.8174,3.6474,66.1242,4.0107,0.0211,24.5283,484,182.1874,0,0,1,4,Compiling
12.2236,24.3784,22.1879,29.8679,-1.8328,0.0061,4.7346,461,56.2622,1,1,0,3,Coding
0.8819,11.5478,23.1356,37.7858,4.7809,0.0674,1.4398,442,116.0402,0,1,0,5,Browsing
7.639,16.6087,12.7933,37.7135,2.4063,0.0959,1.0283,490,150.0303,0,1,0,0,Video_Call
6.5656,23.2961,13.3738,48.1512,3.892,0.0432,1.6015,457,148.7639,0,1,0,5,Browsing
5.2302,16.108,25.6211,30.7444,-3.4179,0.0318,1.9268,472,81.4453,0,1,0,3,Coding
60.6111,76.0926,2.9535,74.8342,-0.4798,-0.005,2.9243,465,145.2164,0,0,0,1,Gaming
4.3781,5.8267,0.308,30.9447,0.2186,0.002,1.0105,457,65.0743,0,0,0,2,Idle
8.6444,21.9618,23.2494,32.1131,0.0622,0.011,5.7625,467,54.8309,1,1,0,3,Coding
5.5413,13.1187,21.2142,32.6033,0.4889,0.0047,6.1982,453,52.7845,1,1,0,3,Coding
10.0287,26.7543,21.5022,32.5292,1.2775,0.0102,5.2,454,62.6257,1,1,1,3,Coding
77.5329,85.6889,4.5529,60.9652,4.0662,0.012,28.3,505,175.6613,1,0,1,4,Compiling
9.6575,22.3083,17.1999,34.1661,1.6752,0.0059,5.3808,462,59.3958,1,1,0,3,Coding
65.7292,78.7237,0.5713,67.7429,-0.1146,0.011,1.631,489,127.0178,0,0,0,1,Gaming
63.5375,77.6704,1.2403,77.4377,0.8387,0.0489,2.0836,481,133.3172,0,0,0,1,Gaming
76.9439,87.8291,6.1729,55.7296,0.3015,-0.0034,24.7182,474,180.1378,1,0,1,4,Compiling
60.9883,74.436,1.7718,72.626,-0.4744,0.0177,1.2051,453,127.4356,0,0,0,1,Gaming
9.0288,19.9763,20.8748,33.559,1.6143,0.0061,5.0632,447,59.9947,1,1,0,3,Coding
81.8919,87.9747,4.3464,55.8224,3.7589,0.0117,30.631,497,168.397,0,0,1,4,Compiling
87.3545,94.3103,6.1686,51.2568,9.5102,-0.0042,25.3505,489,196.7555,1,0,1,4,Compiling
83.9573,94.0695,4.4923,62.7817,6.0496,0.0065,17.3928,505,185.7167,1,0,1,4,Compiling
7.7145,22.2769,19.2285,31.1128,-0.643,0.0046,5.9047,449,66.6035,1,1,0,3,Coding
3.1439,13.4478,20.6939,40.3595,5.0436,0.0453,2.3527,484,97.7109,0,1,0,5,Browsing
53.3914,63.1417,3.6852,66.133,-0.5156,0.0521,1.7198,456,146.7231,0,1,0,1,Gaming
9.0568,19.4156,22.8925,39.9546,5.8983,0.0522,2.2724,451,81.9629,0,1,0,5,Browsing
73.983,86.8469,3.1282,69.2797,0.3868,0.0435,3.3368,448,157.9787,0,0,0,1,Gaming
72.3335,77.0892,2.8892,72.0915,-0.0129,0.055,4.0899,483,146.5052,0,0,0,1,Gaming
8.4414,15.8595,23.0422,44.566,2.8448,0.0568,2.4764,477,109.9901,0,1,0,5,Browsing
2.8646,5.2365,0.8269,29.6283,-0.1772,0.0032,0.7979,433,53.7472,0,0,0,2,Idle
86.7061,91.341,3.1026,66.5575,4.5923,-0.0165,24.7051,504,159.4568,1,0,1,4,Compiling
80.3087,87.7362,4.996,70.1038,4.8938,-0.0236,22.3138,522,172.9524,1,0,1,4,Compiling
10.8992,25.6251,10.441,46.1819,1.7045,0.08,1.2627,477,144.2968,0,1,0,0,Video_Call
58.4492,72.2783,3.9041,66.9979,-0.0893,0.0295,1.0656,470,128.915,1,0,0,1,Gaming
8.4301,24.1547,22.5881,45.3658,6.2221,0.0248,2.475,471,147.0273,0,1,0,5,Browsing
58.5798,69.7991,3.2831,67.2899,0.0566,0.0489,1.0543,460,143.0381,0,0,0,1,Gaming
5.5574,18.2891,26.7772,46.0908,-0.7042,0.0419,2.3448,502,117.6714,0,1,0,0,Video_Call
5.9382,17.9382,21.3189,37.5021,-1.198,0.0159,5.4326,450,60.5843,1,1,0,3,Coding
12.0846,27.916,25.4516,44.1234,11.5259,0.071,2.1096,480,108.7698,0,1,0,5,Browsing
8.3359,20.8833,19.4348,51.6934,3.2063,0.0838,1.5505,472,115.0169,0,1,0,0,Video_Call
75.7036,86.9655,5.5799,59.4424,5.1956,-0.0067,22.4804,504,144.0487,1,0,0,4,Compiling
61.6783,73.9676,2.1775,69.3212,0.1237,0.0402,3.8094,462,145.7273,0,0,0,1,Gaming
8.6308,21.4093,22.6345,32.3444,8.7659,0.0576,1.7535,489,95.5882,0,1,0,5,Browsing
8.4437,21.3125,23.9018,33.7921,-0.3229,0.0064,4.9869,465,63.0244,1,1,0,3,Coding
71.3686,85.9532,1.8069,67.7058,-0.2751,0.0703,2.3624,486,139.7822,0,0,0,1,Gaming
87.7146,97.1198,3.6902,58.5065,5.3056,0.0027,25.5479,495,155.3049,1,0,1,4,Compiling
3.2607,4.0786,0.8632,32.2649,-0.238,0.0039,0.6523,440,36.8014,0,0,0,2,Idle
6.8377,19.9381,19.3258,30.4671,2.7802,0.0074,4.8405,454,66.8116,1,1,0,3,Coding
80.5673,84.9844,5.9467,57.6552,5.7098,-0.0007,17.0904,506,179.4786,1,0,1,4,Compiling
61.0004,73.8077,2.9369,68.9443,-0.4399,0.0769,3.6834,478,135.4325,0,0,0,1,Gaming
12.3094,23.5019,9.3779,38.8634,4.3225,0.0737,1.3185,486,135.2924,0,1,0,0,Video_Call
9.8816,22.77,18.5524,46.9089,5.8626,0.0486,1.5246,468,149.6828,0,1,0,5,Browsing
8.1816,15.3311,22.1257,33.5068,-0.9195,0.0121,4.8082,447,67.1615,1,1,0,3,Coding
9.604,17.7093,19.9051,30.528,1.0205,0.0038,5.1865,458,62.8704,1,1,0,3,Coding
3.5268,4.5997,1.3906,29.3177,0.1125,0.0023,0.7398,437,48.7712,0,0,0,2,Idle
20.4216,26.3086,16.2061,43.0847,1.7088,0.058,2.0228,489,103.4412,0,1,0,0,Video_Call
10.6999,20.3298,17.9168,51.6523,2.8425,0.0885,1.6144,478,131.1128,0,1,0,0,Video_Call
9.4335,23.1403,20.5324,34.9995,0.2025,0.0051,5.6385,460,68.5517,1,1,0,3,Coding
79.3745,89.5863,3.3536,58.64,3.0209,0.0078,23.3333,516,162.418,0,0,1,4,Compiling
2.8119,6.4307,0.6728,28.604,-0.3366,0.01,0.9748,443,48.4067,0,0,0,2,Idle
65.4044,78.7637,4.558,69.1645,0.0117,0.0424,3.0181,454,143.2215,0,0,0,1,Gaming
6.9919,20.5389,16.8758,44.4248,1.2295,0.1298,0.3199,469,118.507,0,1,0,0,Video_Call
10.4873,14.1459,23.6801,55.9387,3.1769,0.0692,1.4142,487,110.7079,0,1,0,0,Video_Call
58.3682,66.6967,2.7178,72.1049,0.3689,0.0271,3.0823,461,131.935,0,0,0,1,Gaming
10.0203,25.8973,19.2224,33.0629,-0.5804,0.0038,5.283,460,62.5675,1,1,0,3,Coding
61.6491,74.1755,2.6205,73.3142,-0.1437,0.0566,0.7713,461,144.0475,0,0,0,1,Gaming
3.7733,16.2621,26.8714,38.9785,8.4976,0.0339,1.1428,478,127.3679,0,1,0,5,Browsing
5.3778,5.8778,0.5976,35.676,0.3632,-0.003,0.7976,437,50.4188,0,0,0,2,Idle
79.9396,88.9816,3.9605,65.2967,4.2205,0.004,24.8075,510,159.0077,0,0,1,4,Compiling
93.2204,100.0,5.5628,51.0454,3.4642,0.0062,21.1123,490,166.2769,1,0,1,4,Compiling
86.637,92.3658,4.3999,59.0542,2.3498,-0.016,28.9594,486,169.3445,1,0,1,4,Compiling
2.6161,17.1507,7.2821,43.8946,-0.5974,0.0437,2.3869,458,140.9732,0,0,0,0,Video_Call
6.2885,14.964,22.0664,32.8499,-0.1546,0.0074,4.9236,462,69.3985,1,1,0,3,Coding
55.2105,68.1002,2.5458,70.6451,-0.0425,0.0353,1.5437,445,132.5933,0,0,0,1,Gaming
6.5583,21.5723,20.1908,36.7282,-1.6138,0.0157,6.7276,456,63.4838,0,1,0,3,Coding
2.5851,6.02,1.5233,29.3641,-0.0745,0.006,0.3374,448,51.6337,0,0,0,2,Idle
8.4267,34.9381,9.0821,41.9375,0.2134,0.0289,2.9237,462,99.7151,1,1,0,3,Coding
8.4199,22.0911,24.1994,41.7215,4.8228,0.0287,1.8671,475,83.1189,0,1,0,5,Browsing
2.8555,4.7777,1.5248,25.6797,-0.2356,0.0007,1.4624,439,43.8839,0,0,0,2,Idle
14.6074,33.8021,14.5098,44.2826,1.2208,0.0717,1.1168,471,103.5718,0,1,0,0,Video_Call
4.3063,18.9643,18.664,54.133,4.7629,0.0293,2.3147,481,126.1719,0,1,0,5,Browsing
85.8354,95.5288,4.7514,68.4791,6.263,0.0074,24.1092,501,171.4297,1,0,1,4,Compiling
5.1804,25.2747,19.4224,39.6978,0.9629,0.0373,1.6314,466,136.5932,0,1,0,0,Video_Call
9.3476,20.7357,24.8581,34.7465,-0.7985,0.0078,6.9418,446,56.7061,1,1,0,3,Coding
9.7456,18.7359,18.9152,43.9598,3.9654,0.0412,2.3973,448,109.6533,0,1,0,5,Browsing
8.894,19.1532,21.4123,37.2047,-0.4238,0.0072,7.5999,460,55.4961,1,1,0,3,Coding
73.3657,81.9335,3.8719,71.465,-0.0733,0.0144,2.7015,475,130.0749,0,0,0,1,Gaming
6.3068,20.0612,12.4596,51.0,4.6629,0.0942,1.0381,470,132.9433,0,1,0,0,Video_Call
12.7443,23.8216,19.2872,47.7457,5.3129,0.0222,1.5632,488,127.9108,1,1,0,5,Browsing
11.4646,23.8861,14.866,46.3175,7.3303,0.0484,2.2216,475,114.6227,0,1,0,5,Browsing
8.2502,25.5736,17.5958,37.1865,0.6501,0.0102,5.6512,458,54.4178,1,1,0,3,Coding
3.7797,6.9821,1.0397,31.5134,0.0253,0.0119,0.0394,445,54.458,0,0,0,2,Idle
11.2719,25.5365,19.5851,41.4235,3.4091,0.0391,2.7804,454,102.3195,0,1,0,5,Browsing
10.4241,22.9573,15.6434,29.8668,0.2543,0.0101,3.5375,455,62.7028,1,0,0,3,Coding
9.8674,23.0054,19.148,55.3884,5.109,0.0286,1.8272,488,130.1633,0,1,0,5,Browsing
7.4798,22.7032,21.2262,33.5634,1.511,0.0035,6.693,456,55.6268,1,0,0,3,Coding
6.8358,25.4075,17.3769,43.9915,4.4841,0.0356,1.4639,472,106.5382,0,1,0,5,Browsing
70.6777,85.1023,2.8429,71.5309,-0.2781,0.0589,3.2998,474,131.9832,0,0,0,1,Gaming
85.8555,95.1762,5.6505,64.7534,7.3185,0.011,14.4369,510,150.9917,1,0,1,4,Compiling
9.1284,19.1499,17.1118,48.2644,3.0651,0.0528,0.7534,474,100.444,0,1,0,5,Browsing
75.9193,87.6254,1.8263,76.3365,-0.3183,0.0319,2.52,464,137.3381,0,1,0,1,Gaming
6.7981,20.6008,15.7863,55.0961,0.4902,0.1032,1.2453,457,143.8964,0,1,0,0,Video_Call
6.5132,20.2702,15.3237,61.9114,5.438,0.0397,1.5809,439,119.4768,1,1,0,5,Browsing
11.3327,17.8323,26.3038,47.8412,6.5375,0.0402,0.8821,466,101.6895,0,1,0,5,Browsing
70.3468,83.3693,2.5009,76.793,-0.0606,0.0713,3.273,465,130.5054,0,0,0,1,Gaming
5.3266,5.8266,1.1039,28.7882,0.683,0.0034,1.8916,429,49.097,0,0,0,2,Idle
8.9626,20.186,23.3753,32.5331,0.1195,0.0096,6.1601,452,60.0435,1,1,0,3,Coding
7.8903,23.9525,21.1256,49.518,3.5287,0.0224,1.6168,452,101.0981,0,1,0,5,Browsing
6.4015,19.9484,23.8583,45.0547,2.6492,0.0649,2.1394,481,134.3362,0,1,0,0,Video_Call
84.202,90.0129,1.6035,67.8759,3.9791,0.0009,5.382,446,155.2972,1,0,1,4,Compiling
84.7722,98.097,1.2759,73.5945,0.4508,0.0571,1.3067,455,146.5318,0,0,0,1,Gaming
6.1674,19.6526,14.6396,37.0067,5.0735,0.0188,2.5324,444,146.9977,0,1,0,5,Browsing
8.3058,18.7432,23.0194,39.4089,-0.5776,0.0339,1.3188,508,135.8777,0,1,0,0,Video_Call
4.337,7.5408,1.5389,30.2926,-0.2624,0.0044,0.4938,441,37.3468,0,0,0,2,Idle
66.4052,75.3254,2.4699,74.4441,-0.3051,0.0491,2.5186,473,149.4215,0,1,0,1,Gaming
73.9328,84.4732,1.9337,64.2977,-0.6078,0.0173,2.683,479,170.2408,0,0,0,1,Gaming
57.288,69.765,2.407,72.5361,0.0174,0.0384,2.8188,480,119.7398,0,0,0,1,Gaming
2.2166,3.6018,1.058,29.7728,-0.5535,0.0056,0.0,443,56.6469,0,0,0,2,Idle
84.3134,92.7553,2.4554,60.3248,4.4289,0.0121,22.7604,519,137.2225,1,0,1,4,Compiling
90.0846,98.6797,8.6102,56.297,4.6266,0.0049,23.7708,481,154.2613,1,0,1,4,Compiling
7.9015,14.7377,23.9731,36.5272,2.3855,0.0076,5.9565,462,64.7103,1,1,0,3,Coding
83.3307,89.8136,6.2569,60.7577,5.8483,0.0015,18.9779,498,175.2988,1,0,1,4,Compiling
9.4153,23.044,19.2539,31.4698,1.3713,0.0085,4.8748,454,63.9882,1,0,0,3,Coding
71.8232,87.5422,2.3721,68.7017,0.1011,0.0348,2.6046,486,141.4628,0,0,0,1,Gaming
8.0905,22.9148,24.4404,35.8373,0.4433,0.013,5.4372,455,55.3613,1,1,0,3,Coding
11.489,22.7505,21.8067,34.3003,-1.2529,0.0073,6.342,454,68.962,1,1,0,3,Coding
9.9466,23.501,21.0636,40.5646,6.2168,0.0422,1.1116,399,125.7228,0,1,0,5,Browsing
3.957,5.9818,1.2821,25.6335,0.0096,0.0083,1.0479,441,46.9612,0,0,0,2,Idle
4.5573,5.2726,1.6404,30.6388,0.0217,0.0029,0.6299,445,52.0399,0,0,0,2,Idle
3.7503,7.1446,1.0848,31.5064,-0.0924,0.0019,0.805,445,42.8674,0,0,0,2,Idle
2.6657,5.4091,0.6112,37.1237,-0.3964,0.0077,1.3841,441,41.0248,0,0,0,2,Idle
7.6144,21.5981,13.5534,55.8445,3.6968,0.0323,1.3453,425,113.3858,0,0,0,5,Browsing
82.834,91.7324,4.1162,71.5663,4.9735,0.0181,15.9677,485,150.4448,1,0,1,4,Compiling
7.2019,17.6406,14.6227,47.7155,4.1285,0.1025,0.7466,471,151.4607,0,1,0,0,Video_Call
84.4919,92.6892,6.0199,71.5446,6.3781,0.0033,26.9887,493,162.2972,1,0,1,4,Compiling
4.7353,10.7115,19.3733,40.7439,2.1514,0.0537,0.7342,481,93.7599,0,1,0,0,Video_Call
82.1177,89.9219,6.5412,65.8559,8.4696,-0.0062,25.1323,527,171.954,1,0,1,4,Compiling
3.5679,17.7317,21.7193,45.2581,3.6498,0.0426,1.8766,473,126.5934,0,1,0,5,Browsing
84.4765,90.1645,3.4661,65.5378,8.4019,-0.0052,19.2752,486,169.7602,0,0,1,4,Compiling
1.7795,3.5526,1.3501,30.1623,-0.3307,0.0009,0.4026,430,39.5847,0,0,0,2,Idle
10.4448,18.229,18.5631,42.3777,-0.812,0.019,1.1366,468,141.1903,0,1,0,0,Video_Call
11.1012,21.8961,10.2852,43.9481,2.1764,0.0689,0.8317,476,133.1117,0,1,0,0,Video_Call
9.503,22.9141,21.0769,30.9774,1.6684,0.0073,5.6921,459,72.0548,1,0,0,3,Coding
7.3429,16.8109,11.0523,52.2613,2.2758,0.076,1.1325,473,141.3046,0,1,0,0,Video_Call
6.378,20.7783,22.7624,29.9947,1.3722,0.0101,4.6473,455,60.8568,1,1,0,3,Coding
9.6512,26.3231,23.2282,46.4773,3.6428,0.0692,1.9906,453,102.2647,0,1,0,5,Browsing
4.7968,6.6816,1.1912,30.0456,0.4292,0.0005,0.9807,446,51.8691,0,0,0,2,Idle
8.9261,21.768,12.4494,44.0582,-0.0343,0.0922,1.7765,470,138.0019,0,1,0,0,Video_Call
8.9353,27.4553,17.4069,48.5595,7.6749,0.0462,2.0853,438,115.4187,0,1,0,5,Browsing
11.9158,21.5255,14.7796,47.8603,-0.3888,0.0927,1.6936,466,122.3835,0,1,0,0,Video_Call
3.1428,4.9735,1.8563,27.43,-0.0553,0.0091,1.5814,437,51.6938,0,0,0,2,Idle
10.6612,24.9605,14.1265,52.4959,7.5278,0.0474,1.8387,458,118.5712,0,0,0,5,Browsing
67.7531,74.5034,2.0078,71.9694,-0.0181,0.066,2.4812,469,153.1596,0,0,0,1,Gaming
8.3529,25.3981,25.4342,51.5884,4.8668,0.0498,1.5129,504,144.5336,0,1,0,5,Browsing
3.8422,6.4297,1.3452,26.5421,-0.326,0.0016,0.2635,448,53.4655,0,0,0,2,Idle
62.9712,74.2592,5.0237,71.5821,0.2583,0.038,1.7232,459,107.2671,0,0,0,1,Gaming
84.3515,91.4018,2.7503,57.7512,6.4911,-0.013,28.9847,475,170.707,1,0,1,4,Compiling
3.5881,5.9078,0.9437,27.0192,-0.3534,0.0053,1.3948,430,45.3424,0,0,0,2,Idle
85.9632,94.5093,6.533,56.2127,3.781,-0.0022,21.0342,494,175.2755,1,1,1,4,Compiling
63.4285,77.3192,2.877,73.8582,0.1538,0.0389,2.4814,481,137.8734,0,0,0,1,Gaming
7.1343,14.3183,13.4283,51.9059,2.0385,0.0759,1.1034,470,130.7558,0,1,0,0,Video_Call
77.9581,87.3405,4.1851,70.9636,-0.1215,0.0261,2.2651,474,153.8947,0,0,0,1,Gaming
8.0803,17.9988,23.1694,27.9358,0.1678,0.0054,5.1916,456,60.0359,0,1,0,3,Coding
3.3466,16.0086,23.1543,48.5608,1.0725,0.0497,1.6987,430,118.5193,0,1,0,0,Video_Call
13.2476,27.1369,24.8222,42.9397,3.8265,0.0372,2.3688,467,80.0635,0,1,0,5,Browsing
12.1108,28.9347,14.1765,47.4177,1.7357,0.1352,1.3427,464,150.0968,1,1,0,0,Video_Call
3.6101,5.2331,1.303,31.0009,0.0666,0.0011,0.7301,444,51.5229,0,0,0,2,Idle
4.3692,14.1688,23.0948,46.7614,6.8901,0.043,2.3029,490,108.9938,0,1,0,5,Browsing
8.92,19.3275,22.186,28.9135,0.463,0.0104,6.4603,459,62.6803,1,1,0,3,Coding
10.6691,27.6942,12.9788,45.8688,1.6824,0.0786,0.6131,474,117.4618,0,1,0,0,Video_Call
9.3282,18.1827,7.9957,44.5368,2.601,0.0701,0.8592,481,140.576,0,1,0,0,Video_Call
12.0894,29.3252,16.2697,37.9855,5.2074,0.0203,1.528,478,130.5692,1,1,0,5,Browsing
9.05,23.0698,18.4211,53.127,4.1846,0.1009,0.7738,483,146.737,0,1,0,0,Video_Call
14.8174,28.7898,18.8213,46.7011,2.3593,0.087,1.2336,445,109.1091,0,1,0,0,Video_Call
7.2818,19.9609,18.4491,38.2666,7.879,0.0377,1.4967,462,98.5693,0,1,0,5,Browsing
89.1701,93.6472,3.0704,45.4376,9.6091,0.0207,31.3452,489,183.7472,1,1,1,4,Compiling
3.2797,6.4529,1.2646,29.5052,0.2673,-0.0005,0.7175,452,34.1592,0,1,0,2,Idle
89.5337,98.8606,3.4768,53.0158,5.6539,0.0145,19.8449,494,167.0021,1,1,0,4,Compiling
7.1036,25.8758,20.0638,40.8431,5.8264,0.0349,1.4503,456,151.83,0,1,0,5,Browsing
8.8851,24.4567,10.8797,47.406,4.2058,0.1023,0.6668,465,113.799,0,1,0,0,Video_Call
7.107,17.2914,14.7606,50.4249,0.31,0.0948,0.4472,460,149.9623,0,1,0,0,Video_Call
9.9198,22.374,13.6072,46.5061,4.7455,0.0752,0.9016,463,142.0796,1,1,0,0,Video_Call
11.4364,27.5241,14.2395,47.0296,-2.226,0.1045,1.1029,457,130.6372,0,1,0,0,Video_Call
65.8802,81.9003,1.1325,73.5556,-0.0077,0.0305,0.673,505,135.7196,0,0,0,1,Gaming
80.71,90.9201,2.5518,57.8276,7.394,-0.0012,12.5079,505,212.1961,1,0,1,4,Compiling
3.0997,5.9722,1.0159,33.3183,0.3939,0.0067,0.3951,446,51.0457,0,0,0,2,Idle
77.3537,88.0102,4.1705,60.3181,7.7099,-0.0158,24.5819,488,149.8695,1,0,1,4,Compiling
4.1861,4.7844,1.7216,26.0042,-0.3109,0.0092,0.2662,441,47.4455,0,0,0,2,Idle
3.1732,4.9227,1.1596,24.5482,-0.6695,0.0091,0.9363,448,41.5719,0,0,0,2,Idle
3.8817,19.418,18.3876,33.0647,5.0427,0.0602,1.7308,467,133.6356,0,1,0,5,Browsing
9.1262,28.3761,14.9445,57.0669,3.6264,0.0896,1.1356,461,152.1263,0,1,0,0,Video_Call
82.9773,89.8001,4.9043,60.7112,3.8379,-0.0025,15.9931,495,162.0508,1,0,1,4,Compiling
10.9682,25.7252,19.5195,30.2183,1.5902,0.0079,7.6149,456,55.1751,1,1,0,3,Coding
72.6773,81.4919,1.0306,67.6388,-0.6379,0.089,2.3484,474,130.2751,0,0,0,1,Gaming
8.4172,19.1717,19.1184,33.8387,0.676,0.0124,6.117,463,62.2107,1,1,0,3,Coding
76.2063,83.3352,4.7876,72.3919,-0.5727,0.0313,1.8395,455,116.996,0,1,0,1,Gaming
4.3233,7.5414,0.8031,32.7723,-0.5283,0.0097,0.0,440,42.7525,0,0,0,2,Idle
83.4364,93.8482,7.1337,56.967,4.5,0.0125,19.0557,499,183.1942,1,0,1,4,Compiling
8.208,23.8771,19.6581,34.7753,2.0324,0.0085,4.6273,459,63.2215,1,1,0,3,Coding
82.967,87.3814,2.8792,65.4075,1.3731,0.0028,25.9489,503,152.8593,1,0,1,4,Compiling
57.0877,69.467,3.7858,75.8226,-0.1207,0.0175,1.7171,449,144.5997,1,0,0,1,Gaming
3.0198,6.3243,1.6774,31.8508,-0.7578,0.0027,1.3827,437,46.518,0,0,0,2,Idle
84.4172,95.0589,6.6406,68.1607,2.3844,-0.001,24.1929,495,152.1448,1,0,1,4,Compiling
12.6339,31.5272,13.68,52.623,1.6988,0.081,0.9914,458,152.706,0,1,0,0,Video_Call
9.7373,19.628,22.1959,29.1601,0.0525,0.0095,5.6123,455,57.2231,1,1,0,3,Coding
2.6586,4.6776,0.3001,29.9143,0.1147,0.0081,0.9457,461,41.7956,0,0,0,2,Idle
4.9199,7.0175,1.7837,28.177,-0.0039,0.0072,0.717,435,38.9507,0,0,0,2,Idle
14.1862,34.1695,10.0133,47.8756,-1.2676,0.1048,1.0698,472,127.8979,0,1,0,0,Video_Call
62.8051,76.1286,1.9162,76.0921,0.4646,0.0297,1.8847,454,124.8395,0,0,0,1,Gaming
49.8167,59.5192,3.9404,62.6097,-0.2983,0.0677,1.4376,484,158.2516,0,1,0,1,Gaming
5.5028,21.6047,19.4802,57.7549,5.169,0.041,1.9054,455,106.1799,0,1,0,5,Browsing
12.4138,31.3185,16.4186,61.6863,-1.3367,0.0528,1.0969,491,140.1416,0,1,0,0,Video_Call
11.7746,26.2572,20.0301,33.6014,-0.5876,0.0052,6.7114,446,66.4253,1,1,0,3,Coding
80.3838,90.3908,2.2867,63.1261,1.3904,-0.0035,26.1738,508,170.3387,1,0,1,4,Compiling
9.9858,21.9098,24.3567,30.8093,5.9071,0.0621,1.8499,484,116.6062,0,1,0,5,Browsing
8.5779,18.9372,15.2035,33.471,-0.5173,0.0069,4.6952,455,69.688,1,1,0,3,Coding
5.8807,20.6521,20.2823,31.5279,-0.7814,0.0085,7.1279,453,55.6544,1,1,0,3,Coding
8.3802,16.4009,21.6057,37.0438,0.4074,0.0061,4.7031,463,55.5884,1,1,0,3,Coding
8.624,19.9439,21.9796,32.1329,1.409,0.0085,5.7473,455,54.523,1,1,0,3,Coding
4.6232,14.7647,15.5594,42.6979,2.4767,0.0196,2.8513,477,131.3815,0,1,0,5,Browsing
8.6595,18.3449,19.9731,35.7239,-0.6422,0.0101,6.0389,453,61.3774,1,1,0,3,Coding
7.2873,26.096,22.4255,36.2159,8.3476,0.0245,1.6666,471,104.6395,0,1,0,5,Browsing
9.7637,19.6398,21.1198,57.4553,3.8363,0.0508,1.3624,437,138.0019,0,1,0,5,Browsing
82.898,92.7232,2.9034,67.4713,7.2446,0.0089,12.9179,510,185.2206,1,0,1,4,Compiling
9.8028,27.623,19.4274,38.8311,1.7973,0.1176,0.4117,456,128.723,0,1,0,0,Video_Call
2.5295,4.6687,1.521,29.8196,-0.9006,0.0056,0.7513,444,42.3516,0,0,0,2,Idle
54.9665,67.0929,2.1875,71.8235,0.4756,0.0368,0.0642,449,136.9214,0,0,0,1,Gaming
10.0483,11.2313,12.8178,47.8255,4.5934,0.0443,1.9983,448,88.6119,0,1,0,5,Browsing
10.7795,26.7461,16.0238,49.7414,0.6938,0.0821,1.0135,474,102.0738,0,1,0,0,Video_Call
13.5714,22.2302,15.7182,50.3176,5.8834,0.0555,2.238,481,135.5784,0,1,0,5,Browsing
2.8436,5.0256,1.2239,29.1152,-0.0208,-0.0012,0.9487,434,41.2582,0,0,0,2,Idle
12.32,31.3693,13.3824,41.7312,0.821,0.0509,1.4694,470,109.2691,0,1,0,0,Video_Call
61.5691,72.1619,4.6737,77.2845,-0.3859,0.0068,0.8497,479,132.7356,0,0,0,1,Gaming
10.5547,26.0805,23.8851,42.653,7.7169,0.036,1.184,457,131.9601,0,1,0,5,Browsing
84.9627,92.2767,5.1326,56.4055,5.7313,-0.0068,18.8771,528,163.8213,1,1,1,4,Compiling
10.4762,24.9933,24.6337,30.3177,-1.079,0.0076,4.7466,455,62.9302,1,0,0,3,Coding
90.7197,96.823,5.3068,58.3193,2.7457,0.0018,26.025,511,158.297,1,1,1,4,Compiling
8.3212,25.3232,19.2039,33.6598,1.2091,0.0087,4.4521,457,69.6337,1,1,0,3,Coding
3.6337,5.2184,0.8018,29.0331,-0.524,0.012,0.5521,436,42.0219,0,0,0,2,Idle
3.1367,4.4627,1.103,33.8029,-0.0372,0.0015,1.0864,427,34.2784,0,1,0,2,Idle
10.3656,18.2101,23.6267,31.7633,-1.3385,0.012,5.1669,445,65.9837,1,1,0,3,Coding
8.3674,23.9366,20.0093,47.5367,-0.5758,0.0284,1.2814,472,116.9855,0,1,0,0,Video_Call
6.8397,22.7928,14.8006,40.0461,0.1215,0.0864,0.9263,447,145.1421,0,1,0,0,Video_Call
4.8655,7.9612,1.3477,24.0626,-0.1665,0.0059,0.1944,439,57.2511,0,0,0,2,Idle
67.1147,80.0811,2.8057,73.5745,-0.4397,0.0372,2.0173,477,120.8253,0,1,0,1,Gaming
64.6716,75.9448,2.5025,74.0379,0.141,0.0429,2.0858,450,166.0369,1,0,0,1,Gaming
4.2726,8.5758,0.1722,32.3084,-0.7665,0.0115,0.9013,432,59.0594,0,0,0,2,Idle
63.005,74.047,2.5601,70.8175,-0.2677,0.0484,3.1853,450,121.7445,0,0,0,1,Gaming
8.2174,17.7975,15.3477,44.7875,0.8246,0.0955,1.9616,471,110.426,0,0,0,0,Video_Call
11.7884,24.529,12.8125,39.26,2.7716,0.1164,1.5839,478,132.6425,0,1,0,0,Video_Call
6.9565,16.1484,25.0643,34.1937,1.8748,0.0107,4.3463,465,65.2477,1,1,0,3,Coding
90.316,100.0,3.2585,74.586,-0.7302,0.0513,1.8445,478,116.1247,0,0,0,1,Gaming
3.6438,5.0717,1.1899,29.2191,-0.6661,0.0067,0.0,438,38.0565,0,0,0,2,Idle
64.3199,74.1265,1.8505,61.6383,-0.1327,0.0698,2.0683,463,146.5117,0,0,0,1,Gaming
82.3526,89.7327,1.6106,53.2381,0.6793,0.022,18.9327,494,185.9387,1,0,1,4,Compiling
67.9857,75.8244,2.9049,68.3432,0.1692,0.0364,3.3903,462,143.3047,0,0,0,1,Gaming
2.6713,6.6587,0.4042,26.7726,0.4268,0.0024,0.3765,437,42.4411,0,0,0,2,Idle
2.2932,4.7121,0.6277,28.0975,-0.3756,0.0063,0.8746,431,41.4809,1,0,0,2,Idle
60.5748,74.5829,3.8459,64.9938,-0.3258,0.007,0.9189,486,111.3796,0,0,0,1,Gaming
8.3492,20.7901,12.1546,43.5897,-0.5646,0.0922,1.0111,438,132.8595,0,0,0,0,Video_Call
9.7684,21.7698,23.8554,31.7959,0.6003,0.0047,4.5127,458,59.9438,0,1,0,3,Coding
4.771,7.9398,1.277,31.8737,-0.4121,0.0098,1.0131,445,50.591,0,0,0,2,Idle
83.4634,90.3794,5.6139,66.5899,8.404,-0.0104,18.5238,482,204.5086,1,0,1,4,Compiling
13.0814,27.7877,18.4278,36.9676,0.585,0.0726,1.5318,459,137.1476,0,1,0,0,Video_Call
8.9256,20.8191,16.7952,33.9411,1.5034,0.0098,4.0812,457,64.3767,1,1,1,3,Coding
81.2836,87.639,4.6401,53.9325,3.2322,0.0064,27.7357,538,186.8184,1,1,1,4,Compiling
12.4518,31.8509,13.4997,45.2346,6.9841,0.049,2.3402,453,122.9857,0,1,0,5,Browsing
12.6113,26.1952,14.2407,44.2766,1.9589,0.0886,1.0768,475,100.9123,0,1,0,0,Video_Call
9.1966,23.7452,19.3992,41.1429,4.0247,0.0463,1.6243,450,133.9058,0,1,0,5,Browsing
8.5467,24.5858,15.2909,56.7727,2.8995,0.0837,1.1219,464,132.5706,1,1,0,0,Video_Call
7.6603,15.9089,18.4154,44.3742,4.1978,0.0561,1.3013,480,106.3022,0,1,0,5,Browsing
2.2352,6.5799,1.6717,33.1021,-0.2852,0.0077,0.3442,444,49.5124,0,0,0,2,Idle
12.263,32.7074,10.4151,51.3164,0.9604,0.0979,0.7651,480,129.46,0,0,0,0,Video_Call
6.3645,23.3482,20.6156,43.4916,2.9638,0.0674,1.1416,468,136.316,0,1,0,0,Video_Call
11.3847,26.61,12.6878,46.3678,0.8916,0.1249,1.0274,469,114.1181,0,1,0,0,Video_Call
3.1496,5.2928,1.428,31.4862,-0.2194,0.0029,0.0397,446,46.3795,0,0,0,2,Idle
8.8312,16.5518,12.7765,50.1662,4.5739,0.051,2.087,483,114.1884,0,1,0,5,Browsing
2.339,5.7046,1.2006,31.4722,-0.0423,0.0003,0.4104,448,46.6556,0,0,0,2,Idle
10.537,23.6443,14.7449,44.1082,5.5317,0.0499,2.4075,463,139.7184,0,1,0,5,Browsing
8.0729,21.5868,24.6029,34.5835,-0.0567,0.0079,5.669,453,60.2674,1,1,0,3,Coding
78.0145,86.4984,5.7637,58.2355,6.2462,-0.0036,19.7118,522,176.0033,1,0,1,4,Compiling
8.2839,18.7152,24.2534,35.8164,0.953,0.0104,4.4985,452,58.7846,1,1,0,3,Coding
47.4704,60.1084,4.6499,64.9513,0.0852,0.0448,1.955,490,128.1526,0,0,0,1,Gaming
74.0866,86.5741,2.9418,72.6022,-0.1534,0.0341,2.0664,459,116.3542,0,0,0,1,Gaming
10.0917,22.3203,15.6018,40.2682,0.8906,0.0917,1.119,465,110.8623,0,1,0,0,Video_Call
11.2533,28.1951,20.9421,37.2136,3.3543,0.0303,1.3531,493,108.113,0,1,0,5,Browsing
2.0703,5.1555,1.0227,32.3012,0.073,0.0032,1.1373,432,45.4109,0,0,0,2,Idle
6.9333,17.1805,22.033,32.9411,-0.1388,0.0097,5.2038,455,63.5951,1,1,0,3,Coding
83.4596,93.1271,2.845,57.9958,4.7948,0.0063,24.6309,497,187.2112,1,0,1,4,Compiling
82.6632,94.6206,4.2266,59.6172,1.9144,0.0023,25.7705,475,129.7691,1,0,1,4,Compiling
65.1193,79.6251,1.0664,79.1649,-0.3466,0.0278,3.1897,482,132.6511,0,0,0,1,Gaming
93.6232,100.0,4.4658,57.8303,6.3071,-0.0012,19.9289,502,206.1228,1,0,1,4,Compiling
84.1237,91.6883,5.0629,66.1223,4.4081,-0.0035,16.8089,506,156.127,1,0,1,4,Compiling
3.1319,6.7992,0.794,31.69,0.0003,0.0079,1.1969,433,52.024,0,0,0,2,Idle
79.6348,90.092,3.7985,58.5212,5.2097,0.0045,28.8692,515,144.3261,1,0,1,4,Compiling
5.0371,23.9227,14.4937,53.7861,1.4125,0.0447,1.4202,488,117.0829,0,1,0,0,Video_Call
9.9699,24.0047,15.0377,26.8054,0.4582,0.0046,6.1116,458,55.6069,1,1,0,3,Coding
10.3119,25.4188,16.8771,58.5168,1.4527,0.0874,1.693,450,119.6534,0,1,0,0,Video_Call
5.9702,13.5661,18.2582,32.7472,-0.7957,0.01,5.5448,451,56.5215,1,1,0,3,Coding
10.4366,23.1279,14.6181,55.2935,1.6127,0.1006,0.5486,488,107.2488,0,1,0,0,Video_Call
81.4794,89.7235,6.1515,65.255,8.5117,0.0027,18.5393,533,192.9985,1,0,1,4,Compiling
6.6706,13.8972,20.1348,29.2321,0.7483,0.0045,5.1186,455,58.9557,1,1,0,3,Coding
84.3538,90.9471,3.7208,51.0051,7.0842,-0.0039,19.5947,505,200.0996,0,0,1,4,Compiling
9.2293,19.9629,15.1101,44.7205,2.797,0.0855,1.4135,484,108.9637,0,1,0,0,Video_Call
84.9942,91.3416,5.3028,63.4254,3.9062,0.0094,18.2192,505,192.9693,1,0,1,4,Compiling
65.929,78.5687,2.7079,83.0841,0.0326,0.034,1.1421,465,160.3907,0,0,0,1,Gaming
10.1563,28.2517,18.0535,38.5138,1.3682,0.0066,5.0736,453,58.0597,1,1,0,3,Coding
11.5881,24.6805,14.7475,52.0527,0.9277,0.0598,0.8985,488,89.0768,0,1,0,0,Video_Call
10.7653,24.2713,18.2699,47.1248,7.3675,0.0451,1.365,476,138.2232,0,1,0,5,Browsing
60.2558,69.7797,3.1451,78.0103,0.6097,0.0473,2.9372,515,107.1419,1,0,0,1,Gaming
10.9425,23.0687,17.9359,41.2752,2.4617,0.0508,2.1458,462,146.1836,0,1,0,0,Video_Call
80.8736,92.2536,4.0093,60.1182,6.5371,-0.0037,24.5626,457,170.0228,1,0,0,4,Compiling
3.6722,7.4861,1.2762,29.5375,-0.1021,0.0066,1.0868,444,38.9275,0,0,0,2,Idle
10.6827,26.4492,20.3374,26.4874,0.5279,0.0068,5.3759,461,62.6327,1,1,0,3,Coding
9.6582,20.9176,20.1143,42.3526,2.058,0.0728,1.0193,455,138.9501,0,1,0,0,Video_Call
3.9113,8.1798,1.5303,35.312,0.3706,0.0084,0.3639,433,46.7031,0,0,0,2,Idle
79.0929,90.3017,6.0554,69.9508,5.7214,-0.0182,21.8952,488,210.985,1,0,1,4,Compiling
83.1849,92.6652,4.4143,68.3414,5.7329,-0.011,26.76,475,185.9782,1,0,1,4,Compiling
8.1445,23.2106,21.2135,40.2669,4.3936,0.0948,1.2565,465,122.8117,0,1,0,0,Video_Call
11.6235,25.9113,15.9673,44.122,3.0813,0.0664,1.0498,474,117.4174,0,1,0,0,Video_Call
3.5445,5.3155,0.9096,27.2688,-0.4216,0.0022,0.2256,433,37.3605,0,0,0,2,Idle
3.7499,5.8876,0.8431,31.1154,0.6867,0.0052,0.5969,437,46.5815,0,1,0,2,Idle
80.3959,95.7511,3.3526,70.136,-0.1869,0.018,0.8198,488,137.9156,0,0,0,1,Gaming
53.5922,65.6506,1.1257,73.1575,-0.686,0.0355,3.1039,464,128.9894,0,0,0,1,Gaming
64.7286,75.08,3.3567,74.0407,1.1971,0.0543,2.247,511,150.1327,0,0,0,1,Gaming
12.3984,26.7779,12.3068,48.6661,0.0361,0.1075,0.9008,493,144.4842,0,1,0,0,Video_Call
9.679,23.9466,19.2533,42.6063,8.952,0.0372,1.0711,507,118.0532,0,1,0,5,Browsing
6.148,19.5088,19.2991,53.528,7.7808,0.0624,1.6157,451,134.2683,0,1,0,5,Browsing
11.6147,19.5581,14.2484,53.8455,4.023,0.1022,1.5225,466,106.9111,0,1,0,0,Video_Call
9.7504,22.4886,21.3059,32.8639,-0.206,0.0109,5.0775,457,62.0931,0,1,0,3,Coding
8.0217,23.3538,23.4152,33.815,0.8731,0.008,5.7079,459,59.0609,1,1,0,3,Coding
67.2557,80.6663,2.0284,73.2904,-0.1346,0.0663,3.4194,480,142.9901,0,0,0,1,Gaming
63.2557,74.8674,4.4846,65.9058,0.1252,0.0704,2.0529,479,137.924,0,0,0,1,Gaming
4.0674,4.6646,1.4764,28.7778,0.0006,0.0069,0.9562,425,40.0501,0,0,0,2,Idle
7.2508,21.9351,18.4286,31.0893,-0.3176,0.0104,4.6605,456,51.2466,1,0,0,3,Coding
8.3535,27.7697,18.2635,46.9635,7.7355,0.0438,2.4219,446,115.0487,1,1,0,5,Browsing
12.9064,29.5939,15.266,43.8655,-1.4184,0.0774,1.2247,471,147.4886,0,1,0,0,Video_Call
8.8347,27.9243,15.1573,46.3732,1.2394,0.0945,0.8463,460,97.5968,0,1,0,0,Video_Call
5.7996,19.9635,12.6519,52.1541,6.0482,0.0439,1.3563,454,121.5382,0,1,0,5,Browsing
3.1282,4.9283,2.0134,31.2607,-0.5708,0.0061,1.0188,439,39.6789,0,0,0,2,Idle
89.2253,98.0401,2.1201,64.5065,6.9085,-0.001,20.4107,485,185.9184,1,0,1,4,Compiling
4.1569,6.9869,1.1133,30.6523,-0.1541,0.0104,1.1737,445,39.9192,0,0,0,2,Idle
7.5425,16.4595,23.0425,52.0212,5.7111,0.0498,1.0683,486,124.4786,0,1,0,5,Browsing
14.1721,26.3304,19.0997,47.5139,4.4521,0.059,1.6443,449,130.1254,0,1,0,5,Browsing
7.9199,22.0275,16.6207,53.4558,4.214,0.033,2.4174,488,125.5542,0,1,0,5,Browsing
4.8898,15.917,20.2196,37.4394,1.0718,0.0096,4.0894,458,69.032,1,1,0,3,Coding
10.5266,27.2317,17.8274,35.6383,11.3427,0.0459,2.6188,502,106.892,0,1,0,5,Browsing
10.8233,31.1408,17.1952,41.5171,6.9113,0.0219,2.3032,482,143.253,0,1,0,5,Browsing
8.4884,24.5706,21.0008,33.9811,0.6111,0.01,6.3694,458,57.2993,1,1,0,3,Coding
7.2297,16.8102,22.978,30.8727,-0.8016,0.0137,4.8911,453,61.5811,1,0,0,3,Coding
4.2258,6.9918,1.7363,36.8419,-0.418,0.002,1.4335,443,44.4206,0,0,0,2,Idle
73.7255,84.2759,4.1337,76.2533,-0.196,0.0203,0.9649,466,112.658,0,0,0,1,Gaming
83.9182,90.8217,3.7337,60.6529,3.2895,0.006,25.2982,520,170.6476,1,0,1,4,Compiling
4.5381,5.2287,0.8832,31.302,-0.3787,-0.0028,0.6222,425,48.9527,0,0,0,2,Idle
3.5526,5.6262,2.5606,35.4631,0.0788,0.0017,0.1564,445,45.4669,0,0,0,2,Idle
11.5069,26.7642,15.1873,42.5339,2.0562,0.0973,1.1258,467,93.6192,0,1,0,0,Video_Call
12.1492,21.1874,18.6251,34.432,1.0559,0.013,2.4691,469,140.8083,0,1,0,5,Browsing
2.5981,4.6641,2.1448,31.307,-0.4542,0.0072,0.8354,439,43.4854,0,0,0,2,Idle
2.6667,5.4613,1.5144,33.277,-0.1491,0.0053,1.0153,455,52.3945,0,0,0,2,Idle
3.9007,6.3067,1.0645,31.3744,-0.3058,0.0075,0.9638,436,52.6702,0,0,0,2,Idle
79.7542,88.3256,4.6292,65.3533,6.267,-0.0045,23.7634,535,173.4212,1,0,1,4,Compiling
6.8738,14.3086,16.4046,41.7145,2.629,0.0266,0.6084,461,138.475,0,1,0,5,Browsing
57.2057,71.5234,2.6784,77.4032,-0.3556,0.0188,2.0174,444,136.397,0,0,0,1,Gaming
80.4416,87.9449,5.561,56.2284,7.4752,0.0085,17.9467,508,193.574,1,0,1,4,Compiling
10.6905,22.2594,25.4557,25.4948,-0.5664,0.0082,4.4337,442,62.2413,1,1,0,3,Coding
7.5082,20.8264,11.1818,50.2948,2.641,0.0891,0.9037,450,156.748,0,1,0,0,Video_Call
4.0748,5.3213,1.128,29.4594,0.6789,0.0018,0.7724,447,45.4893,0,1,0,2,Idle
71.4064,76.331,3.7845,60.9885,2.3621,-0.0013,22.8993,492,196.561,1,0,1,4,Compiling
72.9039,79.2431,6.3257,67.8991,6.0449,-0.0022,22.2549,499,174.4691,1,1,1,4,Compiling
11.1131,28.8184,16.8056,40.1864,4.031,0.0912,0.8548,474,135.1593,0,1,0,0,Video_Call
6.1311,26.7001,14.8608,47.1377,1.4406,0.0977,0.2897,488,127.6354,0,1,0,0,Video_Call
13.4717,29.2422,5.4169,37.6457,9.361,0.0453,2.2507,464,123.9166,0,1,0,5,Browsing
7.8984,24.6102,14.0332,46.3147,5.796,0.0467,1.6173,466,106.7871,0,1,0,5,Browsing
79.6736,88.6792,6.7711,60.1189,5.4202,-0.0058,13.1343,490,173.9431,1,0,1,4,Compiling
83.0278,90.4835,4.8673,58.5279,4.2689,-0.001,21.7024,492,149.7991,1,0,1,4,Compiling
8.5681,17.7459,18.8334,33.7245,0.5841,0.0064,5.8418,457,62.8687,1,1,0,3,Coding
11.9639,29.2986,12.3324,44.6617,1.8172,0.1286,0.4956,460,134.8843,0,1,0,0,Video_Call
9.9074,24.1644,16.977,35.9176,0.4217,0.0121,4.4289,461,58.8174,1,1,0,3,Coding
9.5762,26.5588,16.5549,54.3101,1.945,0.0936,1.8498,455,142.0247,0,1,0,0,Video_Call
7.6888,21.4755,18.7115,40.8777,7.4487,0.0486,2.0115,486,104.3956,1,1,0,5,Browsing
3.1357,5.8557,0.5952,32.6556,0.0013,0.0141,0.9123,452,39.1804,0,0,0,2,Idle
9.4525,22.1077,10.7663,37.8743,5.2624,0.0811,1.1589,461,144.2191,0,1,0,0,Video_Call
61.9294,74.0502,3.728,71.92,0.3786,0.0164,2.9096,489,146.4702,0,0,0,1,Gaming
8.6562,30.4274,13.5686,46.1731,2.1882,0.0988,1.6835,461,141.089,0,1,0,0,Video_Call
5.8862,29.1839,19.8455,47.2145,2.7505,0.031,3.0863,498,99.0275,0,1,0,5,Browsing
7.6512,26.6713,17.2376,36.8702,1.8841,0.0248,1.8187,486,116.151,0,1,0,5,Browsing
2.8951,6.4747,0.8312,22.9188,-0.0915,0.0007,0.8251,449,38.3172,0,0,0,2,Idle
84.642,93.2405,3.8411,55.7459,6.8896,-0.0105,25.4906,501,171.8338,0,0,1,4,Compiling
5.5825,9.0764,1.3491,33.372,0.1257,0.004,0.8446,439,33.7711,0,0,0,2,Idle
9.2019,25.0464,20.1578,35.4535,0.0829,0.0089,5.4189,459,61.3459,1,1,0,3,Coding
70.1044,81.7738,2.8809,81.6848,0.3788,0.0414,1.735,479,131.8403,0,0,0,1,Gaming
7.9963,16.7366,20.8761,33.8249,0.929,0.0118,5.0527,452,68.6477,1,0,0,3,Coding
9.3158,18.872,20.3247,28.3122,1.411,0.0078,5.6174,462,64.4268,1,1,0,3,Coding
7.0649,20.6414,22.6439,33.064,1.4342,0.0109,6.7917,457,67.2008,1,1,0,3,Coding
69.3164,84.8929,2.9735,87.4535,0.5081,0.051,2.1977,496,122.5656,0,0,0,1,Gaming
7.785,23.0369,18.5655,27.3309,-0.3411,0.01,5.1166,449,69.4689,1,0,0,3,Coding
86.2163,96.0682,1.1701,62.1272,4.6056,-0.0019,18.7195,496,158.6494,1,0,1,4,Compiling
7.405,26.4744,24.1438,33.4532,0.3601,0.0102,6.9446,456,64.1731,1,1,0,3,Coding
71.9694,77.5047,5.4247,68.5776,6.1407,0.0012,22.6644,506,213.4103,1,1,1,4,Compiling
5.6389,6.9993,1.133,30.0584,-0.3017,0.0064,0.8057,442,42.6669,0,0,0,2,Idle
8.3066,13.4115,19.6953,46.7508,8.3379,0.0625,2.6839,484,100.8108,0,1,0,5,Browsing
11.4237,28.1115,15.7055,49.6237,-0.4625,0.0642,0.7026,466,140.9671,0,1,0,0,Video_Call
3.6645,15.5229,28.9015,39.2227,7.0117,0.0582,1.7848,478,117.6487,0,1,0,5,Browsing
66.1047,79.3715,2.324,69.2945,-0.0937,0.016,3.0086,481,116.8298,0,0,0,1,Gaming
12.8793,28.5105,15.5341,54.5711,2.9967,0.0906,1.4982,469,135.2317,1,1,0,0,Video_Call
6.2643,21.7602,19.4266,35.0566,0.4605,0.0107,7.0265,452,64.6002,1,1,0,3,Coding
91.6589,98.1215,3.231,61.1682,3.317,-0.0039,24.0117,531,169.6105,1,1,1,4,Compiling
7.2807,18.3776,19.0976,31.0547,-0.0635,0.0059,6.7149,445,65.4977,1,1,1,3,Coding
8.7975,28.3858,11.3113,45.3223,4.8063,0.0637,1.3059,484,131.9992,1,1,0,5,Browsing
5.8358,9.1042,1.9109,31.5171,0.3343,0.0107,0.7624,430,43.8075,0,0,0,2,Idle
11.2603,22.1165,14.98,51.3215,3.2258,0.0726,0.9947,478,141.3714,0,1,0,0,Video_Call
76.6913,82.0662,4.9437,52.9959,5.2731,-0.0196,27.138,512,196.4137,1,0,1,4,Compiling
72.8187,86.3185,1.8233,71.8359,0.0171,0.0213,3.083,466,107.9979,0,0,0,1,Gaming
8.8577,28.4797,12.0572,44.6656,1.8627,0.1002,1.5805,462,88.5496,0,1,0,0,Video_Call
8.4951,20.6488,17.1871,48.7433,3.003,0.0293,1.5716,481,118.8699,0,1,0,5,Browsing
10.5057,23.9798,22.0465,33.5186,-2.4539,0.0067,5.8792,462,71.4758,1,1,0,3,Coding
9.7861,26.1687,8.1453,52.4559,0.3584,0.1059,1.479,461,116.9183,0,1,0,0,Video_Call
7.2062,19.6118,20.7451,35.5954,0.0004,0.0082,6.0311,454,70.5382,1,1,0,3,Coding
9.3796,23.7364,24.6141,29.7342,-0.0288,0.0079,6.6499,461,60.5186,1,1,0,3,Coding
10.0486,33.5978,14.5846,46.5473,3.567,0.0881,1.4017,474,125.4383,0,1,0,0,Video_Call
8.9728,19.0857,22.5221,32.5945,1.522,0.0083,6.876,454,62.452,1,1,0,3,Coding
3.9214,5.044,0.5023,30.4889,0.3865,0.0019,0.4431,454,38.525,0,0,0,2,Idle
10.3489,17.9241,14.9307,43.0141,4.9856,0.0397,2.0665,473,145.8762,0,1,0,5,Browsing
7.746,17.8054,18.932,34.0799,0.8725,0.0042,6.7655,458,64.7698,1,1,0,3,Coding
75.8317,79.8661,2.8647,70.1208,0.2088,0.0374,0.7127,485,141.6137,0,0,0,1,Gaming
7.949,17.1506,20.5802,34.4668,0.7854,0.0091,7.6133,457,64.1674,1,1,0,3,Coding
68.8985,77.9072,1.6041,76.7848,-0.667,0.0177,3.7181,468,132.4984,0,0,0,1,Gaming
74.9785,88.4213,3.2767,68.9251,-0.4357,0.0418,4.6372,478,114.9421,0,0,0,1,Gaming
85.3383,92.8676,4.5307,56.8273,2.6281,-0.0096,29.9457,523,183.803,1,0,1,4,Compiling
7.0043,21.9552,24.1133,54.923,5.4466,0.0443,1.5996,473,116.5109,1,1,0,5,Browsing
4.4543,7.6822,1.5746,34.1991,-0.2202,0.0095,0.4829,438,54.1765,1,0,0,2,Idle
9.8192,26.0005,17.1065,40.0618,2.1467,0.0669,2.9076,478,124.718,0,1,0,0,Video_Call
11.9193,25.3028,13.8643,40.1664,-0.2012,0.1076,1.9339,450,125.6411,0,1,0,0,Video_Call
4.04,6.7114,1.1219,29.3263,0.3601,0.0003,0.9769,436,48.6694,0,0,0,2,Idle
8.4443,14.6289,19.9428,30.9639,-1.1892,0.0081,5.4152,456,54.3274,1,1,0,3,Coding
10.9618,21.7055,19.7209,36.3839,-1.2424,0.0127,4.6071,456,64.5148,1,1,0,3,Coding
63.931,76.3195,3.7496,76.4996,0.0428,0.056,0.8069,491,141.15,0,0,0,1,Gaming
13.3037,23.6485,11.32,48.0286,4.1641,0.0598,0.9015,457,140.5721,1,1,0,0,Video_Call
7.8872,21.8719,18.8456,37.4004,1.1066,0.0119,5.3162,444,56.6844,1,1,0,3,Coding
82.7434,88.4375,4.3676,70.4061,5.0876,-0.0011,31.8458,521,218.7302,1,0,1,4,Compiling
9.6142,21.6093,18.1902,43.4907,-0.4093,0.0468,2.116,516,118.9001,0,1,0,0,Video_Call
60.2729,72.7462,2.9097,69.1394,0.0677,0.0585,3.2225,461,164.8485,0,0,0,1,Gaming
5.0273,10.8576,1.1838,31.861,0.123,0.0041,1.7265,454,38.6031,0,0,0,2,Idle
3.0865,3.9057,1.4325,29.7032,-0.1869,-0.0029,1.268,447,40.1787,0,0,0,2,Idle
4.7692,7.9163,0.6129,34.0819,-0.4242,-0.0039,1.1413,450,47.3122,0,0,0,2,Idle
3.8539,5.8055,1.0167,32.0012,0.2123,0.0084,0.6864,431,39.5745,0,0,0,2,Idle
82.7043,92.1323,6.7418,71.9308,3.2336,-0.0,22.279,470,208.8151,1,0,1,4,Compiling
88.5253,97.7263,5.8371,70.0264,5.4898,-0.007,17.1249,489,182.141,1,0,1,4,Compiling
10.2834,28.7074,8.764,49.6096,0.0154,0.0902,1.7224,475,130.2546,0,1,0,0,Video_Call
77.7072,83.1916,4.8714,70.4881,4.6231,-0.0017,19.4655,548,141.0032,1,0,1,4,Compiling
86.1514,90.8182,8.5704,64.3066,4.5194,0.0024,20.7813,493,169.6582,1,1,1,4,Compiling
9.5347,23.6183,12.2203,43.6051,4.3344,0.0528,1.9632,463,114.5379,1,1,0,5,Browsing
72.6685,79.9088,4.0876,66.0058,-0.9641,0.0548,1.7952,472,115.3373,0,0,0,1,Gaming
2.563,5.1932,1.3488,33.1876,-0.165,0.0068,0.4361,452,50.7948,0,0,0,2,Idle
10.8225,25.5176,11.4137,46.1609,1.1865,0.108,0.729,458,143.7957,1,1,0,0,Video_Call
80.7403,87.3008,5.3287,57.7939,5.3418,0.0027,22.7514,512,161.2176,1,0,1,4,Compiling
3.6159,6.7725,1.2553,27.785,-0.4059,0.006,1.3244,442,46.3621,0,0,0,2,Idle
3.4067,7.0213,1.2588,32.3462,0.6187,0.0075,0.7161,439,42.8358,0,0,0,2,Idle
13.746,19.4551,18.2898,40.1453,1.9368,0.0808,1.5204,474,120.3212,1,1,0,0,Video_Call
3.9754,4.4754,0.9869,31.1199,-0.2697,0.0071,0.3909,446,37.6783,0,0,0,2,Idle
90.5256,100.0,4.1231,63.6276,4.6354,0.0006,26.2684,479,181.7191,1,0,1,4,Compiling
76.6047,85.0922,4.4713,69.277,3.7156,0.0167,21.6303,502,153.8853,1,0,1,4,Compiling
81.654,88.8577,3.9607,61.8045,2.4261,0.0057,26.208,502,161.9863,1,0,1,4,Compiling
9.475,30.3094,22.8627,40.3061,4.1875,0.0442,1.6741,490,111.8161,0,1,0,5,Browsing
6.4544,20.0913,17.0221,31.7439,2.212,0.0695,2.3784,493,116.3111,0,1,0,0,Video_Call
12.6379,24.4991,16.2569,47.0083,2.6052,0.1032,0.8891,482,134.6112,0,1,0,0,Video_Call
2.2922,5.7651,0.752,25.4434,0.3249,0.002,1.2461,443,43.0289,0,0,0,2,Idle
5.1042,20.3474,13.9399,35.1773,2.3873,0.052,1.6426,451,147.7099,0,1,0,0,Video_Call
10.448,23.2948,19.9751,36.5297,5.8818,0.0426,0.9537,471,95.722,0,1,0,5,Browsing
72.692,83.3512,2.8905,69.7713,-0.2595,0.0435,0.8944,454,138.3399,0,0,0,1,Gaming
64.9726,75.2058,3.6956,69.3316,0.5162,0.0364,1.9033,462,139.1415,0,0,0,1,Gaming
3.6775,5.6692,1.6912,29.5365,0.7946,-0.0006,0.7011,432,42.2795,0,0,0,2,Idle
9.9045,22.4437,21.8804,33.5721,-1.3628,0.0067,5.7992,458,61.664,1,1,0,3,Coding
8.0909,22.4257,21.1364,32.494,1.0889,0.0096,5.2794,455,60.1775,1,1,0,3,Coding
3.682,6.5326,1.7471,30.0552,-0.2759,0.0032,0.8728,454,45.0784,0,0,0,2,Idle
9.2738,18.64,27.8204,43.0076,-1.4631,0.043,2.2925,450,124.563,0,1,0,0,Video_Call
9.0612,19.8358,23.893,35.7146,8.4121,0.022,0.3966,474,110.6692,0,1,0,5,Browsing
1.7499,4.6795,1.0826,29.2189,0.0649,0.0047,1.1465,438,38.3336,0,0,0,2,Idle
14.1929,21.462,16.586,46.3743,2.2089,0.0791,1.3848,456,163.229,0,1,0,0,Video_Call
7.6304,22.0657,22.2712,34.4174,0.1374,0.0084,4.6615,460,59.3509,1,1,0,3,Coding
6.5715,24.7411,27.5366,52.8055,4.0865,0.0309,2.0902,442,121.0167,0,1,0,5,Browsing
82.0314,90.3947,5.2316,68.3847,2.7663,0.0009,11.9014,508,154.8122,1,0,1,4,Compiling
8.0151,22.1979,18.2431,51.8695,2.4109,0.0684,1.0298,445,121.8943,0,1,0,0,Video_Call
3.7106,6.8585,1.2485,27.1687,0.7048,0.0082,0.7332,436,42.2938,0,0,0,2,Idle
73.883,83.1299,3.2339,77.0795,0.585,0.0636,2.4958,473,123.2019,0,0,0,1,Gaming
6.0112,15.2823,24.7195,32.1681,-0.474,0.0125,6.8708,464,63.6715,1,1,0,3,Coding
3.9046,7.4726,1.9307,31.5708,0.4215,0.0128,0.7783,429,45.9781,0,0,0,2,Idle
73.3457,87.2007,1.7343,81.9319,-0.105,0.0517,2.2539,475,128.3971,0,0,0,1,Gaming
83.089,92.8337,3.6699,53.7699,2.5405,-0.0004,34.2249,459,154.0625,1,0,1,4,Compiling
60.9081,65.3696,4.7952,74.2034,0.801,0.0418,2.5586,469,151.8591,0,0,0,1,Gaming
8.2453,12.8983,23.2914,27.4634,-1.0495,0.0083,3.8847,447,57.2801,1,1,0,3,Coding
61.9152,76.0009,3.5978,72.3931,0.3522,0.0188,1.3162,482,122.9336,0,0,0,1,Gaming
14.7238,31.4947,13.4896,54.3035,3.6003,0.0979,1.3948,479,124.8662,0,1,0,0,Video_Call
61.9799,72.1956,2.2387,75.3404,0.6559,0.0524,1.7029,460,143.014,0,1,0,1,Gaming
76.5423,85.0468,3.7451,60.0772,2.3172,0.0023,24.3609,542,163.5401,0,0,1,4,Compiling
10.8987,27.5051,15.3124,42.2048,2.6242,0.1046,1.2345,469,168.6342,0,1,0,0,Video_Call
86.7451,96.8277,6.7321,64.1054,5.0494,0.0012,19.624,486,152.0738,1,0,1,4,Compiling
3.316,5.6929,0.6995,38.3713,-0.906,-0.0031,0.5901,443,57.6412,0,0,0,2,Idle
6.5856,17.8783,21.0149,51.018,8.0245,0.0515,1.9671,449,126.4189,0,1,0,5,Browsing
13.5633,26.2938,14.5975,49.6716,8.4208,0.0428,1.7528,470,104.4942,0,1,0,5,Browsing
83.6347,94.5555,5.9547,48.8167,2.9404,-0.0022,14.1701,468,176.8016,0,0,1,4,Compiling
5.6957,16.9551,20.6643,34.3884,-0.2231,0.0034,4.7002,457,61.1808,0,1,0,3,Coding
64.0291,76.8318,3.4705,80.0304,-0.4408,0.0613,1.7098,487,154.4668,0,0,0,1,Gaming
67.0964,80.1618,2.8826,80.703,-0.4659,0.0463,1.4095,463,163.1771,1,1,0,1,Gaming
5.7888,28.5216,17.3003,45.8165,3.1819,0.0288,1.4125,466,94.7115,0,1,0,5,Browsing
74.257,86.4139,2.9839,80.2838,-0.0109,0.0539,1.6723,482,103.6232,0,0,0,1,Gaming
80.1178,87.2048,6.7459,59.8431,4.773,0.0202,20.9048,500,173.6973,1,0,1,4,Compiling
9.9549,22.7069,20.7948,26.5528,0.6558,0.0107,4.3265,456,61.4819,1,1,0,3,Coding
82.0665,86.1276,4.3775,58.9313,3.5386,0.0187,13.9844,480,176.3286,1,0,1,4,Compiling
1.6995,4.0961,0.8791,29.4804,0.5946,-0.0015,0.3098,447,56.4044,0,0,0,2,Idle
12.2933,27.7595,15.2626,48.0654,1.5368,0.0179,1.5914,459,148.5399,0,1,0,5,Browsing
78.9553,91.4737,4.5978,59.5523,5.0334,-0.0207,24.6906,458,137.6607,1,0,1,4,Compiling
60.2325,75.929,1.6045,83.3153,-0.4531,0.0607,1.8623,460,138.1609,0,0,0,1,Gaming
83.6058,89.2883,6.0737,67.2754,6.2316,-0.0172,31.3501,521,173.8185,1,1,1,4,Compiling
8.6747,27.693,13.8168,45.6374,1.8502,0.1002,1.104,484,129.6065,0,1,0,0,Video_Call
62.563,73.3772,3.7239,75.2808,-0.1179,0.0709,2.1268,476,149.9566,0,0,0,1,Gaming
12.4128,26.7347,22.7045,56.262,6.2109,0.0283,1.5289,472,124.7222,0,1,0,5,Browsing
57.8454,67.4752,3.2882,78.5059,0.6017,0.0556,2.089,444,138.964,0,0,0,1,Gaming
2.6402,4.1557,1.6329,29.8602,0.628,0.0141,0.8097,429,44.7113,0,0,0,2,Idle
8.109,16.0781,19.3805,34.7912,0.197,0.0091,5.7084,454,64.5085,1,1,0,3,Coding
78.6823,82.9656,4.5047,68.9909,2.2309,0.0091,25.3827,475,178.1785,1,0,1,4,Compiling
9.1729,23.3815,18.586,55.0477,0.7795,0.0883,0.7877,469,135.3322,0,1,0,0,Video_Call
7.5205,21.9865,17.8294,40.0194,5.2906,0.0298,1.0074,473,136.9964,0,1,0,5,Browsing
67.7001,80.5431,3.3729,72.6909,-0.7585,0.054,0.9829,449,136.2745,0,0,0,1,Gaming
89.3853,96.7926,3.7184,65.8552,1.2958,0.0022,17.0039,473,215.0618,1,0,1,4,Compiling
6.7356,19.5656,14.9163,41.8248,3.1386,0.0438,2.5014,449,149.8238,0,1,0,5,Browsing
2.9161,4.8372,1.7155,31.7644,0.1921,0.0024,1.0186,446,47.6363,0,0,0,2,Idle
69.2884,78.6224,3.3543,79.0428,-0.2164,0.08,1.7041,475,124.4225,0,0,0,1,Gaming
87.6292,98.0783,4.2857,61.5493,0.6369,0.0117,17.6743,520,175.9487,1,0,1,4,Compiling
1.8066,3.7774,1.0468,27.1256,-0.4031,0.0062,0.6099,441,45.6219,0,0,0,2,Idle
7.0094,25.1344,14.5876,33.4836,-0.1396,0.0066,4.6058,451,65.0982,1,0,0,3,Coding
66.1286,79.4325,1.7501,80.72,-0.2086,0.0832,2.1652,478,103.7383,0,0,0,1,Gaming
8.6392,21.3059,19.5569,30.1984,0.0764,0.0158,6.2343,458,65.4526,1,1,0,3,Coding
10.4546,26.544,20.4616,46.21,3.289,0.0471,1.786,492,122.2564,0,0,0,5,Browsing
77.8901,87.2977,1.7895,69.603,0.6897,0.0671,3.2266,478,132.9986,0,0,0,1,Gaming
6.7208,21.4705,10.8628,47.2951,2.3252,0.1202,1.4852,465,150.1575,0,1,0,0,Video_Call
7.3833,21.8947,19.0561,28.7543,0.589,0.0127,7.3942,455,59.6778,1,1,0,3,Coding
10.28,27.1256,19.3299,30.4348,0.5538,0.0095,5.8484,454,60.9472,1,1,0,3,Coding
76.8226,84.9882,3.5726,78.5292,0.1995,0.046,0.8853,484,125.7444,0,0,0,1,Gaming
69.8255,80.5146,4.4108,66.675,-0.7099,0.0448,3.0558,478,123.2935,0,0,0,1,Gaming
7.987,17.7986,23.1208,34.0705,-0.9185,0.0093,6.4026,461,59.3142,1,1,0,3,Coding
46.0163,57.8231,2.4809,73.4419,0.3361,0.0431,2.9899,458,134.2624,0,1,0,1,Gaming
45.5854,54.8983,2.7416,78.3223,-0.7897,0.0683,1.5574,488,121.3639,0,0,0,1,Gaming
78.2668,89.9427,3.0536,67.5122,-0.086,0.0395,1.0055,465,128.9389,0,0,0,1,Gaming
78.2733,84.0768,1.5611,58.1086,7.8841,0.0066,22.4521,460,164.2269,1,0,0,4,Compiling
3.6773,5.2576,0.9317,26.9274,-0.071,-0.0034,0.5589,446,44.7288,0,0,0,2,Idle
6.7679,15.6248,19.1997,32.121,1.4185,0.005,5.5933,450,57.1432,1,1,0,3,Coding
7.963,22.9608,22.2496,47.6521,8.6872,0.0222,2.0784,461,125.5862,0,1,0,5,Browsing
91.2196,97.5955,3.6132,62.72,6.5708,0.0212,29.8398,553,194.17,1,1,1,4,Compiling
9.4538,27.009,21.5966,45.8579,3.9932,0.1038,1.5743,470,121.689,0,1,0,0,Video_Call
63.3286,80.0728,3.8445,77.0764,0.2328,0.049,2.5242,454,103.7354,0,0,0,1,Gaming
80.8764,90.6139,5.6714,64.2126,5.6955,-0.0057,21.4677,500,180.8398,0,0,1,4,Compiling
10.1608,19.5621,17.7095,32.1619,-0.1824,0.011,5.7748,448,58.2934,1,1,0,3,Coding
10.4232,26.3309,15.1576,43.0111,1.6771,0.0799,1.5555,478,137.4086,0,1,0,0,Video_Call
4.9034,7.0493,1.8035,37.0192,-0.3193,-0.0036,0.8655,436,43.8411,0,0,0,2,Idle
3.9873,10.9144,17.2502,40.7657,8.2515,0.0641,1.5391,460,77.7801,0,1,0,5,Browsing
65.2354,79.0055,3.2892,69.6772,-0.2948,0.0374,2.0722,452,135.4191,0,1,0,1,Gaming
4.0703,6.6437,1.722,33.1806,-0.2581,0.0039,0.5869,429,51.0513,0,0,0,2,Idle
9.4274,29.6567,13.3605,39.5619,2.1229,0.0691,1.0603,467,121.5793,1,0,0,0,Video_Call
10.6138,20.2255,15.1985,48.5112,3.3073,0.1114,1.2589,471,118.6015,0,1,0,0,Video_Call
10.0976,26.1175,13.7889,46.816,3.6795,0.1122,1.8432,480,147.4015,0,1,0,0,Video_Call
11.0093,31.2116,10.9845,45.4843,2.1812,0.0975,1.0614,471,132.5232,0,1,0,0,Video_Call
3.6387,14.6211,12.1241,46.6294,5.0529,0.0309,1.7704,429,125.0001,0,1,0,5,Browsing
9.1744,20.9484,21.6639,36.4632,0.0494,0.0062,4.7712,453,65.0476,1,1,0,3,Coding
81.4159,85.2914,7.3417,59.3005,5.894,-0.0139,15.8492,485,177.1794,1,1,1,4,Compiling
56.5496,68.3103,2.8172,80.2202,-0.0674,0.0138,1.4674,482,113.5971,0,0,0,1,Gaming
7.7356,15.6375,20.4677,41.8334,6.5132,0.0213,1.5481,481,119.8622,0,1,0,5,Browsing
79.8564,88.0238,3.6295,62.3561,2.1906,-0.0015,21.9605,515,172.8011,1,0,1,4,Compiling
71.7188,85.2752,2.0113,66.1604,0.5529,0.0407,1.0846,495,134.198,0,0,0,1,Gaming
15.0846,27.9899,13.2353,46.7751,1.664,0.0795,0.8436,465,128.3018,0,1,0,0,Video_Call
5.4625,18.8965,24.316,35.6422,1.6571,0.0054,4.7249,448,68.8268,1,1,0,3,Coding
64.1283,70.2579,2.723,71.5348,0.3005,0.042,2.0614,485,122.9632,0,0,0,1,Gaming
76.6047,83.9642,1.7712,66.8378,-0.2753,0.0575,3.3461,471,139.6826,0,0,0,1,Gaming
83.5515,90.6374,5.8033,57.244,6.5254,-0.0138,30.0884,503,193.6127,0,0,1,4,Compiling
9.6051,27.1063,12.9359,53.1495,3.0191,0.0986,1.2952,484,127.3615,1,1,0,0,Video_Call
3.2429,5.7316,0.9111,27.3944,0.091,0.0061,0.8698,444,39.626,0,0,0,2,Idle
7.5128,24.7041,21.0094,49.5877,4.9805,0.0957,0.8705,475,124.1852,0,1,0,0,Video_Call
75.7783,82.175,7.0758,68.3545,4.3391,-0.0124,24.5342,483,129.773,1,0,1,4,Compiling
2.8845,5.571,0.9576,22.0707,0.5524,-0.0076,1.3427,431,38.8465,0,0,0,2,Idle
6.3718,17.9123,23.2557,30.0632,-0.2843,0.0084,5.1737,463,65.1243,1,1,0,3,Coding
11.004,22.6526,18.8708,38.6776,0.995,0.0202,3.3116,451,137.4333,0,1,0,5,Browsing
60.0141,73.7759,2.7763,71.9657,-0.0627,0.0525,2.106,505,147.6667,0,0,0,1,Gaming
9.3482,22.0106,18.7224,51.5563,3.5435,0.0414,2.0488,470,89.5753,0,1,0,5,Browsing
9.0361,21.0474,16.2755,31.7102,1.1706,0.0087,4.702,461,63.7466,1,1,0,3,Coding
62.5278,75.4833,2.4164,72.9319,0.2827,0.0528,2.9361,456,129.984,0,0,0,1,Gaming
6.6528,11.0745,18.2224,46.7347,2.3622,0.114,1.4232,479,146.1439,0,1,0,0,Video_Call
5.1764,6.203,1.4561,33.4101,0.243,0.0097,0.9906,431,46.7303,0,0,0,2,Idle
9.7503,20.5022,16.4345,42.864,0.3207,0.1202,1.035,462,136.2143,0,1,0,0,Video_Call
10.1923,19.6415,26.0346,33.6793,-0.2875,0.0109,5.532,449,59.1973,1,0,0,3,Coding
9.4785,22.7099,16.864,38.3553,12.3344,0.0429,2.4277,471,104.1473,1,1,0,5,Browsing
10.3577,26.1388,20.1307,45.5529,2.8011,0.0732,1.1926,463,110.9449,1,1,0,0,Video_Call
80.2309,83.9076,5.9737,64.4532,5.2567,0.0095,27.7048,499,194.2034,1,0,1,4,Compiling
12.1549,21.5907,13.8081,46.5445,3.1027,0.0746,2.2244,476,121.446,0,1,0,0,Video_Call
11.9867,21.8487,12.7519,44.3396,2.4805,0.0862,1.3405,471,143.1243,0,1,0,0,Video_Call
77.2257,86.3298,3.6301,64.926,3.6179,0.0042,21.9961,487,159.4046,1,0,1,4,Compiling
9.1369,20.6762,20.3306,35.62,-1.6626,0.0065,4.1477,451,58.0454,1,1,0,3,Coding
9.3214,18.9257,18.7247,33.3913,-1.1982,0.0098,4.941,445,57.3743,1,1,0,3,Coding
87.2338,96.9119,3.6283,57.1359,5.8045,-0.0071,28.2654,510,173.1996,1,1,1,4,Compiling
9.1162,16.9381,19.5553,38.1322,-0.837,0.0105,5.7504,460,58.1141,1,1,1,3,Coding
2.6543,3.774,1.6008,29.8391,0.1596,0.0017,1.1386,446,44.82,0,0,0,2,Idle
7.5501,18.5828,28.2573,34.0474,4.3798,0.026,2.0877,445,136.9187,0,1,0,5,Browsing
11.6746,21.995,17.982,54.6875,9.4262,0.0488,2.0795,470,90.1884,0,1,0,5,Browsing
88.7264,95.9884,7.5364,60.0537,8.0521,0.0012,21.6589,499,147.733,1,0,1,4,Compiling
11.7894,16.0165,15.4208,47.0617,3.5847,0.0435,0.7757,438,153.8149,0,1,0,5,Browsing
7.3908,22.3902,18.7894,47.23,5.2368,0.0325,1.9189,462,109.4478,0,1,0,5,Browsing
9.312,21.7929,14.3839,46.7833,-1.0764,0.0786,0.7704,467,108.9323,0,1,0,0,Video_Call
10.2095,20.3808,13.4928,45.9381,-0.0413,0.055,1.5172,450,146.6155,0,1,0,0,Video_Call
58.2295,72.1783,3.2996,72.0788,-0.0998,-0.0015,2.9653,481,134.8092,0,0,0,1,Gaming
7.8542,20.2132,14.6357,50.9394,4.6207,0.0943,0.726,494,120.3429,0,0,0,0,Video_Call
85.3682,93.1218,6.1271,55.7485,4.8975,0.0147,9.7663,508,179.6057,1,0,1,4,Compiling
3.3682,5.3883,1.044,24.8544,0.239,0.0046,1.4198,427,48.0175,0,0,0,2,Idle
82.8304,87.218,6.0651,60.6426,5.652,-0.014,19.4613,508,178.8661,0,0,1,4,Compiling
7.6679,16.9161,17.7968,49.973,3.159,0.0342,1.9966,474,108.3958,0,1,0,5,Browsing
84.2047,93.047,7.6176,62.5593,6.5983,0.0069,16.6949,461,164.8359,1,0,1,4,Compiling
83.1134,89.1285,7.2074,63.3546,8.7265,-0.009,23.254,507,169.862,1,1,1,4,Compiling
62.6787,81.323,3.0652,70.3075,0.4662,0.029,2.4265,491,144.8016,0,1,0,1,Gaming
4.8146,18.2098,15.2294,39.5976,3.4302,0.042,1.8724,480,142.5594,0,1,0,5,Browsing
10.5685,21.772,20.4585,33.4476,0.3665,0.0125,4.7444,444,59.2182,1,1,0,3,Coding
10.6683,25.6015,17.1508,47.0026,0.9139,0.1032,0.3858,455,121.7972,0,1,0,0,Video_Call
4.2144,6.0963,2.414,24.6092,0.0773,0.0037,0.4915,444,47.9335,0,0,0,2,Idle
79.7501,86.7287,3.1706,71.6602,6.8514,-0.0115,9.8205,503,160.9175,1,1,1,4,Compiling
11.2514,17.1637,25.9819,47.3021,9.3753,0.0405,2.6814,455,129.5091,1,1,0,5,Browsing
11.7666,28.9425,14.2332,52.6122,0.2049,0.0949,1.396,494,117.3824,0,1,0,0,Video_Call
6.2676,20.6111,22.2896,29.1616,-0.6647,0.0103,6.2081,457,58.5302,1,1,0,3,Coding
12.9981,30.2707,15.8187,51.6129,1.9615,0.1244,0.8569,459,134.1184,0,1,0,0,Video_Call
66.9414,79.2818,4.0057,81.2268,-0.2702,0.0374,2.6926,461,119.4505,0,0,0,1,Gaming
7.4709,16.0951,11.3222,45.2703,7.2319,0.046,2.0314,474,115.1696,0,1,0,5,Browsing
6.6283,18.4113,19.0654,30.8492,-1.4298,0.0096,4.9931,453,63.6214,1,0,0,3,Coding
3.2231,5.2268,1.7053,31.9263,-0.0306,0.0032,0.7893,447,52.0144,0,0,0,2,Idle
13.0196,32.6798,19.5783,42.3196,3.6708,0.0855,1.657,458,128.7255,0,1,0,0,Video_Call
11.8719,26.7109,17.8799,49.7123,0.7324,0.0848,1.3801,454,142.8324,0,1,0,0,Video_Call
69.4947,84.9248,4.5891,65.3875,-0.8456,0.0396,1.2311,442,142.8738,0,0,0,1,Gaming
64.6957,78.4911,1.9039,76.3319,-0.0601,0.0072,2.5461,487,154.8316,1,0,0,1,Gaming
82.9833,93.4781,3.2689,54.6445,8.021,-0.0089,17.1869,506,163.7708,1,0,1,4,Compiling
3.6194,7.3886,1.8819,27.0598,0.4059,0.0018,0.383,441,57.9659,1,0,0,2,Idle
8.5937,25.5556,11.9619,47.263,-0.3495,0.0884,1.1826,464,135.7465,0,1,0,0,Video_Call
7.2032,18.599,11.6114,40.5837,1.8443,0.0857,1.6369,459,122.4026,0,1,0,0,Video_Call
8.6352,17.9632,21.4609,29.0203,-0.0091,0.0144,6.321,450,59.0087,1,0,0,3,Coding
4.2415,5.3879,1.7029,33.5918,-0.0389,0.0051,1.0702,444,50.8518,0,0,0,2,Idle
77.896,84.038,4.599,69.8774,3.1378,-0.0085,20.8859,486,159.3022,1,0,0,4,Compiling
7.8528,18.3717,21.7164,40.5187,1.4231,0.0083,5.9774,453,56.1686,1,1,0,3,Coding
82.8207,91.2329,5.2475,58.5743,3.8531,0.0117,17.4332,501,149.552,1,0,1,4,Compiling
13.7932,25.151,11.5195,42.6777,2.244,0.0721,1.3565,459,159.0585,0,1,0,0,Video_Call
7.5517,19.5238,24.3402,32.8123,-0.1792,0.0074,5.6508,457,73.4823,1,1,0,3,Coding
4.0275,6.1781,0.9412,30.5011,-0.4622,0.0052,0.1246,424,51.3,0,0,0,2,Idle
8.0303,24.3695,13.5246,54.3685,2.6403,0.1145,0.5147,459,145.2275,0,1,0,0,Video_Call
80.25,89.8204,4.8997,60.0061,3.7117,-0.0029,22.4557,485,204.3191,1,0,1,4,Compiling
73.7299,89.7776,4.6299,79.3531,-0.3277,0.0262,1.3104,471,126.6125,0,0,0,1,Gaming
11.4773,33.0131,19.1239,48.6967,1.4044,0.0988,1.3461,461,144.497,0,1,0,0,Video_Call
55.961,70.5641,2.0226,72.8779,0.24,0.0606,2.4415,467,142.9832,0,0,0,1,Gaming
64.9042,76.2727,3.0595,71.9731,-0.4296,0.0099,0.1706,477,133.9469,0,0,0,1,Gaming
3.8217,4.8505,2.6395,26.7617,-0.0839,0.0036,0.6876,437,35.7899,0,0,0,2,Idle
10.0294,20.8641,16.1789,48.5247,1.2261,0.0425,1.5979,488,134.6493,0,1,0,0,Video_Call
83.014,88.5469,6.2159,74.8528,4.5024,-0.0098,19.8419,535,181.7586,1,0,1,4,Compiling
73.8762,83.7273,6.0938,68.1548,4.856,0.0222,23.851,500,184.9266,1,1,1,4,Compiling
3.5362,5.7936,0.9713,39.2949,-0.3745,0.0052,1.1966,438,43.2287,0,0,0,2,Idle
74.5806,89.4381,2.9794,65.3268,-0.5686,0.046,0.8008,483,151.7243,0,0,0,1,Gaming
10.1311,14.5903,17.419,46.7449,11.1592,0.0365,1.8043,469,112.4861,0,1,0,5,Browsing
8.3269,25.5399,20.1189,31.106,2.8651,0.0044,5.5082,453,62.5993,1,1,0,3,Coding
9.9862,23.4798,15.4898,37.2149,2.3312,0.007,6.4875,450,57.8751,1,0,0,3,Coding
11.7451,29.0046,12.3547,51.5776,2.426,0.0661,0.9722,452,158.594,0,1,0,0,Video_Call
73.7359,81.4841,3.9281,76.7981,-0.3573,0.0653,1.1421,475,143.3146,0,0,0,1,Gaming
1.5767,9.063,23.4778,35.277,7.6772,0.0565,1.7977,474,103.3208,0,1,0,5,Browsing
90.3691,96.6933,4.2162,62.0303,4.3721,-0.0254,17.5025,487,160.5715,1,0,1,4,Compiling
64.3234,72.8113,3.5981,74.6098,0.76,0.0421,2.177,476,149.0218,0,0,0,1,Gaming
4.3857,6.2632,1.9488,34.7119,0.1717,0.0018,1.2288,444,50.862,0,0,0,2,Idle
8.2111,13.7123,19.9041,43.1598,7.1603,0.0197,1.3606,474,99.069,0,1,0,5,Browsing
53.6616,65.4381,3.0229,67.8461,0.3686,0.0397,3.578,468,113.1801,0,0,0,1,Gaming
8.0757,23.8669,18.5519,30.7747,-0.1886,0.0104,6.6407,452,69.7236,1,1,0,3,Coding
81.197,87.8657,8.4423,61.1714,4.3936,-0.0018,19.0986,531,179.7336,1,0,1,4,Compiling
2.7586,5.2975,1.3579,29.8202,0.098,0.0107,0.5596,445,36.5684,0,0,0,2,Idle
10.9301,21.696,17.4364,58.3403,0.1135,0.0843,0.3794,474,141.7399,0,1,0,0,Video_Call
77.3674,84.8091,5.3276,67.2437,2.1619,0.0171,21.8681,504,190.4181,1,0,1,4,Compiling
2.9513,5.4871,0.9839,33.0186,0.3561,0.0062,1.0163,442,53.1591,0,0,0,2,Idle
64.4277,75.2878,0.9528,67.4764,-0.2316,0.0577,3.8514,473,155.126,0,0,0,1,Gaming
81.3063,93.2922,6.0694,53.9534,4.1111,-0.0055,20.9888,484,175.0196,1,0,1,4,Compiling
3.9562,6.1571,1.3565,30.7198,0.1465,-0.0018,0.1728,453,46.8402,0,0,0,2,Idle
81.7534,90.9469,5.2267,59.791,4.4498,-0.0223,27.7906,508,179.4841,1,0,1,4,Compiling
3.4961,16.3228,14.5448,42.4096,6.2694,0.0154,2.0599,480,126.1148,0,1,0,5,Browsing
6.7968,14.8748,20.2246,34.3805,0.2816,0.0021,4.9497,458,71.1752,1,1,0,3,Coding
4.1759,5.3305,0.9064,33.5513,0.6525,0.0077,1.3692,435,49.4996,0,0,0,2,Idle
11.5675,24.8056,18.1165,49.2395,2.9833,0.0559,1.3362,478,116.3476,0,1,0,0,Video_Call
10.4651,27.3766,17.3296,55.5264,1.8498,0.1154,0.4669,496,124.4143,0,1,0,0,Video_Call
6.3128,9.3709,0.5268,25.8835,-0.3586,0.0033,0.139,432,47.0908,0,1,0,2,Idle
14.6494,22.8979,13.2455,49.8858,3.8141,0.0989,1.1723,463,127.8242,0,1,0,0,Video_Call
2.4475,5.2773,0.5193,26.2995,-0.7904,0.0005,1.0274,431,36.5021,0,0,0,2,Idle
12.8113,33.5005,13.1509,47.9295,1.8333,0.1354,0.6295,467,113.4966,0,1,0,0,Video_Call
10.0245,22.9145,23.4692,34.9316,-0.9894,0.0088,6.5839,453,63.3688,1,1,0,3,Coding
79.0586,87.2641,4.99,57.2554,4.7701,0.0048,13.686,509,198.2746,1,0,1,4,Compiling
80.0494,89.1828,4.9034,61.2796,6.0225,0.0072,16.3516,494,156.795,0,0,1,4,Compiling
9.6032,21.505,18.9242,36.1357,3.9265,0.0742,1.3775,477,136.9202,0,1,0,0,Video_Call
2.9072,5.6155,1.8961,28.6055,0.6394,0.0037,0.4249,442,48.3508,0,0,0,2,Idle
9.1057,19.7002,11.7743,46.7111,1.3523,0.1415,1.7229,476,144.5599,0,1,0,0,Video_Call
3.255,6.203,0.7517,33.5312,0.0014,-0.0031,0.6099,421,42.4896,0,0,0,2,Idle
90.5742,100.0,5.6896,53.4678,6.2388,0.0079,28.8366,490,134.5746,1,0,1,4,Compiling
3.0082,19.4149,15.3182,41.0669,4.5794,0.0314,1.6446,446,124.6368,0,1,0,5,Browsing
80.418,86.6683,5.5486,63.039,4.7069,-0.0033,25.0786,478,179.8427,1,0,1,4,Compiling
10.4031,26.7663,16.2176,46.3577,3.4529,0.0569,1.0231,479,122.0586,0,1,0,0,Video_Call
3.0465,5.0924,1.2209,24.8513,-0.3284,0.0023,0.3909,440,42.6006,0,0,0,2,Idle
3.2983,5.2075,0.6225,27.5622,-0.3388,0.0011,0.2348,440,44.9712,0,0,0,2,Idle
4.7904,7.0334,0.3989,28.6949,0.4961,0.0069,0.0172,441,55.389,0,0,0,2,Idle
10.3724,23.0704,12.7484,58.1709,2.094,0.0781,1.028,462,115.5329,0,1,0,0,Video_Call
85.164,91.6569,4.3391,61.3386,3.9526,-0.0129,14.0943,542,170.3006,1,0,1,4,Compiling
82.951,91.7885,4.0384,73.0607,3.0581,-0.0015,8.0389,466,151.5067,1,0,1,4,Compiling
51.7211,67.0983,4.924,73.1102,0.5115,-0.0175,2.1971,478,144.3352,0,0,0,1,Gaming
15.3946,31.137,11.6436,51.6095,0.0046,0.1319,0.8603,487,128.5303,0,0,0,0,Video_Call
87.8029,96.2773,5.7918,51.8815,2.3876,0.0007,16.5915,475,125.3914,1,0,1,4,Compiling
2.3627,4.7982,1.1636,29.2522,0.6696,0.0083,1.3932,428,47.6668,0,0,0,2,Idle
10.1844,25.3094,22.3578,42.941,5.8113,0.0491,2.379,466,123.9362,0,1,0,5,Browsing
9.5937,24.3392,14.0038,49.2648,2.658,0.0529,1.4289,434,112.0721,1,1,0,3,Coding
90.4779,100.0,5.3528,73.9591,5.5759,0.0099,23.9407,499,152.0504,1,1,1,4,Compiling
9.5433,27.4168,20.3909,35.4497,3.2692,0.0406,1.568,479,153.8445,0,1,0,5,Browsing
7.7507,19.7472,18.7383,31.9226,-0.5534,0.0112,5.1322,461,51.8286,1,0,0,3,Coding
61.9126,71.4005,2.7995,67.7883,-0.9155,0.0707,1.6404,482,139.8092,0,1,0,1,Gaming
67.7914,82.1302,3.7528,73.5998,-0.3763,0.0241,2.1112,462,131.1749,0,0,0,1,Gaming
73.1125,82.2906,0.769,62.4426,-0.2815,0.0676,2.2111,490,151.2437,0,0,0,1,Gaming
7.8671,19.1312,17.5797,42.4831,1.2499,0.0893,1.7833,474,131.9018,0,1,0,0,Video_Call
4.2911,22.8716,15.9981,48.9596,2.8591,0.0559,1.6944,488,105.8005,0,1,0,0,Video_Call
3.9051,5.3554,1.4441,27.528,1.0911,0.0012,0.4839,443,41.5857,0,0,0,2,Idle
70.7721,84.7003,3.3095,64.3472,0.3399,0.0328,3.5394,475,136.4995,0,0,0,1,Gaming
5.3622,20.2577,23.4019,40.4967,5.2781,0.0562,1.811,484,152.0724,0,1,0,5,Browsing
7.0713,18.8444,13.3009,50.1153,0.6927,0.0619,1.4631,490,106.0734,0,1,0,0,Video_Call
14.5617,29.6816,13.1784,40.4425,1.8317,0.0866,1.1011,472,121.7031,0,1,0,0,Video_Call
9.1114,20.5038,21.6295,33.3633,0.5033,0.0109,5.1756,459,65.0369,1,1,0,3,Coding
3.3834,6.5023,1.6449,32.8836,0.0246,0.0068,0.7633,447,41.6494,0,0,0,2,Idle
5.0395,9.1514,1.4954,26.8079,0.6021,-0.002,1.203,445,43.8596,0,0,0,2,Idle
3.9113,8.4977,1.231,28.9742,0.4904,0.0047,0.9673,410,49.7195,0,0,0,2,Idle
9.022,20.208,18.6339,33.1027,0.8245,0.0065,5.3317,456,73.3205,1,1,0,3,Coding
86.1555,94.3077,5.1079,64.8201,7.8304,0.0046,19.594,469,196.3716,0,0,1,4,Compiling
3.8546,6.0905,0.6273,27.6953,-0.0998,0.0051,1.0247,440,49.6994,0,0,0,2,Idle
5.8483,15.8415,13.6643,33.1488,6.3267,0.0556,1.0946,493,133.6089,0,1,0,5,Browsing
59.6123,73.0348,2.9248,66.1201,-0.0304,0.0232,2.0707,476,143.7058,0,0,0,1,Gaming
12.9994,35.7174,15.8318,50.5945,0.5714,0.0997,0.5895,468,153.1943,0,1,0,0,Video_Call
80.1003,90.9919,6.5458,53.5303,7.13,0.0082,17.2211,519,211.7347,1,0,1,4,Compiling
61.683,74.6121,2.4765,70.4631,-0.0949,0.0531,2.307,439,134.5041,0,0,0,1,Gaming
3.6954,5.5844,1.3602,25.293,-0.1582,0.006,1.1296,453,46.7351,0,0,0,2,Idle
8.9659,21.802,22.0145,36.548,0.5522,0.0124,4.5424,453,63.5633,1,1,0,3,Coding
3.2363,3.7363,1.0856,35.4086,-0.4466,0.0039,0.2042,447,45.6481,0,0,0,2,Idle
5.9872,16.0472,18.4397,32.138,1.2725,0.0074,4.5783,453,69.7634,1,1,0,3,Coding
4.6178,9.3522,1.4173,30.6097,0.2692,-0.0013,0.4617,448,45.6017,0,0,0,2,Idle
7.7374,17.0657,12.3333,47.4508,4.7239,0.084,0.2035,471,146.0771,0,1,0,0,Video_Call
10.2853,29.1797,18.5212,55.6047,0.8846,0.0853,1.5801,479,135.2804,0,1,0,0,Video_Call
82.0875,95.5274,3.3479,67.0713,0.7042,0.0084,18.8241,511,181.7914,1,0,1,4,Compiling
9.1342,20.8201,20.9568,32.5059,0.713,0.0074,5.9492,462,58.7679,1,1,0,3,Coding
6.2871,21.3812,21.5376,32.1008,2.6982,0.0039,5.125,456,60.0028,1,1,0,3,Coding
86.8204,96.6775,4.4793,62.3583,4.8834,-0.0053,18.0566,502,201.4628,1,0,1,4,Compiling
8.5153,20.4456,19.3599,37.1096,-0.0997,0.015,5.1472,451,52.3423,1,0,0,3,Coding
74.8479,85.1814,2.2005,77.3224,-0.2229,0.0296,1.3381,486,132.0314,0,0,0,1,Gaming
84.9793,86.7568,5.3069,65.5535,0.9909,0.0096,25.4816,503,200.9673,1,0,1,4,Compiling
66.6154,71.9761,1.9215,65.316,0.0272,0.0381,2.0249,505,127.4109,0,0,0,1,Gaming
8.4136,28.3175,19.2544,51.0048,4.7443,0.0391,1.6819,443,119.6949,0,1,0,5,Browsing
9.3825,20.1319,17.1737,40.6384,4.2748,0.0428,2.0521,474,108.7092,0,1,0,5,Browsing
7.8662,22.2371,20.3034,54.2427,3.3882,0.1176,0.717,486,131.623,0,1,0,0,Video_Call
7.0563,22.8602,19.1285,31.3559,1.2574,0.0105,4.913,455,59.7916,1,1,0,3,Coding
1.9119,5.5614,1.3362,24.8899,-0.4335,0.008,0.4937,433,45.9237,0,0,0,2,Idle
11.2637,20.835,20.7334,38.2499,2.1606,0.0137,6.137,458,55.0528,1,1,0,3,Coding
51.8988,64.2992,4.2158,68.8227,-0.3846,0.0498,0.9912,501,139.8007,0,0,0,1,Gaming
8.229,21.0737,18.7715,37.6148,1.9215,0.0072,4.5063,450,57.36,1,1,1,3,Coding
7.9117,18.7703,11.4164,43.0569,2.3813,0.0411,1.8233,467,133.5148,0,1,0,0,Video_Call
3.8433,6.8352,0.8535,34.233,-0.5398,0.0128,1.4111,432,46.9676,0,0,0,2,Idle
3.2495,6.0365,0.9703,27.6947,-0.3035,0.0121,0.7361,435,44.7626,0,0,0,2,Idle
5.6025,22.9176,15.8766,39.2555,0.0018,0.0814,1.6333,463,149.2679,0,1,0,0,Video_Call
2.6684,5.0982,1.5747,27.8296,-0.1175,-0.0024,0.367,437,49.4946,0,0,0,2,Idle
2.9993,6.3561,0.8059,28.7369,0.4329,0.0075,0.9564,443,54.1958,1,0,0,2,Idle
7.7154,17.5447,21.3232,51.9257,6.0602,0.0196,2.0887,495,135.009,0,1,0,5,Browsing
5.7207,20.1015,18.481,36.3605,3.5006,0.0,1.5075,455,101.798,0,1,0,5,Browsing
88.4963,95.9711,5.9174,68.3842,5.2152,-0.0036,19.8437,523,148.5031,1,0,1,4,Compiling
84.9208,100.0,3.3089,65.6862,-0.8573,-0.0029,1.3372,476,121.8007,0,1,0,1,Gaming
5.2318,15.9463,15.9767,47.9777,3.7529,0.1029,1.027,449,139.8277,0,1,0,0,Video_Call
63.4672,74.0143,1.2987,79.1274,-0.4008,0.0476,1.5872,450,146.3382,0,1,0,1,Gaming
10.2534,23.2878,13.5707,56.0652,2.6914,0.116,1.9663,455,110.4908,0,1,0,0,Video_Call
83.8892,93.3407,2.5662,69.3582,5.8525,0.0008,23.2277,519,184.1377,1,1,0,4,Compiling
10.7476,27.9344,16.779,48.2386,4.8703,0.06,1.4794,485,151.8906,0,1,0,5,Browsing
73.3773,88.6398,3.7841,71.4759,-0.0966,0.037,2.4422,463,120.4497,0,0,0,1,Gaming
4.7409,20.5144,20.675,53.1231,4.1814,0.036,1.6492,456,106.572,0,1,0,5,Browsing
74.9448,82.8042,4.092,55.2464,5.7355,-0.0108,21.4332,501,189.4814,1,0,1,4,Compiling
7.5085,27.709,16.6337,51.5103,1.8315,0.1028,1.2471,469,137.4409,0,1,0,0,Video_Call
8.3455,23.743,12.3833,40.0314,3.5859,0.0597,1.4751,457,171.916,0,1,0,0,Video_Call
4.6888,8.2797,0.0275,30.5324,0.0573,0.0027,1.3566,449,45.4331,0,0,0,2,Idle
8.2061,16.0733,18.5921,31.6206,1.4803,0.0085,5.3432,454,75.6079,1,1,0,3,Coding
9.1277,24.0357,18.2963,35.3475,2.4655,0.0383,2.1097,448,105.313,0,1,0,5,Browsing
9.0442,21.9553,17.647,29.647,2.0619,0.0072,5.8645,456,55.0713,1,1,0,3,Coding
7.2973,23.3646,14.7288,49.3848,4.6787,0.0766,1.8117,450,138.4598,0,1,0,0,Video_Call
7.9985,28.8157,18.6299,55.4172,10.3706,0.045,1.1002,486,137.0046,0,1,0,5,Browsing
70.8716,84.3519,3.3936,78.6393,-0.7021,0.0167,2.3714,481,117.0967,0,1,0,1,Gaming
7.987,22.5106,22.2872,35.1434,-0.6367,0.0078,6.7243,456,62.2816,1,1,0,3,Coding
90.9873,100.0,3.8374,58.3106,5.0112,0.0029,18.6196,524,201.8102,1,0,1,4,Compiling
81.7827,92.7033,3.5142,64.311,8.0147,-0.0019,19.4418,492,178.2854,1,0,1,4,Compiling
3.2269,5.7837,0.4999,30.127,-0.2693,-0.0037,0.521,430,50.5211,0,0,0,2,Idle
67.1235,81.6744,2.8481,69.9326,0.429,0.0826,2.5704,476,140.1747,0,0,0,1,Gaming
8.9056,24.3527,19.691,36.3374,0.9742,0.0105,4.6961,451,63.6451,1,1,0,3,Coding
56.0824,72.3622,2.0189,81.717,-0.2826,0.0404,2.2053,468,154.5216,0,0,0,1,Gaming
10.0442,27.9778,17.8831,45.6965,3.7333,0.0864,2.0355,499,104.0267,0,1,0,0,Video_Call
3.6005,6.0777,1.4356,30.9106,0.3821,0.0031,1.0606,444,48.4585,0,0,0,2,Idle
3.7788,5.0986,0.3063,31.6825,1.2776,0.0085,0.4014,441,46.2869,0,0,0,2,Idle
6.3282,11.3617,19.2315,37.3729,0.4184,0.0113,5.4047,457,52.5235,1,1,0,3,Coding
8.9888,26.8935,15.3371,40.9333,5.4749,0.0649,2.8112,498,100.7062,1,1,0,5,Browsing
7.1127,23.0452,13.8567,49.3609,0.8084,0.1142,1.1456,456,145.3155,0,1,0,0,Video_Call
10.2337,29.0603,24.8547,53.6664,0.2713,0.0117,2.5355,462,121.0879,0,1,0,5,Browsing
2.0292,2.5292,0.1896,25.8547,0.4276,0.0015,0.709,432,50.6657,0,0,0,2,Idle
15.0001,34.7262,20.9606,33.8679,4.516,0.0378,1.8726,477,85.5958,0,1,0,5,Browsing
80.2233,87.5749,5.2584,60.8276,9.8582,-0.0063,25.9499,538,153.8446,1,1,1,4,Compiling
63.7796,82.972,4.8831,70.6102,-0.3478,-0.0051,2.5688,478,129.8946,0,0,0,1,Gaming
7.1933,18.8934,19.1566,31.7607,0.1049,0.0086,5.4367,456,65.1908,1,0,0,3,Coding
4.6394,7.5915,1.217,32.5897,0.2641,0.0056,1.1205,442,48.231,0,0,0,2,Idle
4.0229,6.9233,1.7075,27.862,0.1524,0.005,1.7064,427,51.1717,0,0,0,2,Idle
8.1442,26.2462,16.3793,46.0256,0.0755,0.0735,0.6802,473,97.3779,0,1,0,0,Video_Call
9.9366,15.7935,15.8787,47.2405,11.4303,0.0502,2.2259,478,100.8699,0,1,0,5,Browsing
13.1758,26.7083,15.9591,47.6315,0.2942,0.0972,0.9445,478,129.6347,0,1,0,0,Video_Call
69.7789,78.5753,3.3804,74.5222,0.1008,0.0597,2.4599,455,136.4281,0,0,0,1,Gaming
4.585,5.6426,1.3229,29.6863,-0.1923,0.0052,0.5172,433,56.483,0,0,0,2,Idle
9.4952,21.287,19.2841,42.9002,7.4409,0.0408,1.6815,470,135.4346,0,1,0,5,Browsing
7.4017,19.4657,21.3479,27.3393,2.1365,0.008,5.7603,458,60.5998,1,1,0,3,Coding
7.8695,19.9326,19.5615,32.8443,1.1234,0.0114,6.1536,462,62.7505,1,1,0,3,Coding
67.8839,79.8636,1.7158,74.6422,-0.5118,0.0425,0.9836,463,127.0665,0,0,0,1,Gaming
9.9374,25.4823,23.0849,32.6452,-0.7414,0.0082,6.2813,450,58.579,1,1,0,3,Coding
92.3272,98.0562,6.7033,58.7209,3.3303,0.007,26.7325,516,164.9428,1,0,1,4,Compiling
2.9742,4.3249,1.7323,29.0285,-0.1111,0.0008,0.6422,453,51.4897,0,0,0,2,Idle
8.0055,25.4902,14.9417,47.2374,2.6899,0.1167,0.8294,449,135.7479,0,1,0,0,Video_Call
8.0124,20.9748,22.1871,54.5827,-0.5221,0.0415,1.6788,465,109.6676,0,1,0,0,Video_Call
9.5487,21.3643,16.1506,54.0425,3.7087,0.1105,1.5738,460,130.5071,0,1,0,0,Video_Call
3.0888,6.4202,0.7027,26.9841,0.4537,0.0058,0.0,442,45.9082,0,0,0,2,Idle
9.331,23.4191,15.7882,31.9755,0.9075,0.0083,3.6126,456,62.226,1,1,0,3,Coding
65.3442,71.5377,3.2993,72.2053,0.6324,0.042,3.6161,492,146.2778,0,0,0,1,Gaming
3.9224,5.5498,1.0094,28.7157,0.3868,0.008,0.8091,444,56.6886,0,0,0,2,Idle
10.0913,17.3431,23.4099,31.5893,-1.2754,0.0119,5.537,456,66.029,1,1,0,3,Coding
46.3681,58.6109,2.935,65.4042,-0.6754,0.0331,1.8089,445,124.0192,0,0,0,1,Gaming
5.2541,19.9115,17.3454,48.9029,-1.5608,0.0671,0.7323,479,102.3983,0,1,0,0,Video_Call
60.3619,73.887,2.9548,68.3721,-0.1539,0.04,2.459,452,160.0283,0,0,0,1,Gaming
7.8581,24.6861,17.9583,52.9455,1.4419,0.1112,0.9657,458,116.4176,0,1,0,0,Video_Call
69.6139,77.7916,5.6638,61.4555,9.4716,-0.0259,30.3247,473,142.1329,0,1,1,4,Compiling
7.0249,24.6794,21.7754,42.974,5.7508,0.0171,2.4247,467,129.6007,0,1,0,5,Browsing
61.1262,73.0972,4.0236,71.0216,0.3469,0.0171,1.3481,466,130.0016,0,0,0,1,Gaming
9.3186,29.1437,23.1548,38.0683,4.5384,0.0446,1.3317,484,89.6102,0,1,0,5,Browsing
71.9761,87.8057,3.1311,70.6722,-0.5274,0.0293,2.607,477,165.3628,0,0,0,1,Gaming
61.7405,74.7742,3.5356,67.0555,0.5418,0.0218,1.8451,479,101.4818,0,0,0,1,Gaming
5.439,21.1934,20.142,33.2278,0.6067,0.0074,4.9452,457,62.6548,1,1,0,3,Coding
8.4295,14.7232,17.7857,42.89,7.3991,0.0509,2.2139,458,113.296,0,1,0,5,Browsing
8.1238,24.6988,15.9031,33.1411,-1.0931,0.0085,4.9335,468,59.4289,1,1,0,3,Coding
8.8482,23.9476,12.4999,50.1236,4.1398,0.0984,1.4097,448,133.3886,0,1,0,0,Video_Call
65.5604,79.4074,3.4228,67.519,0.6191,0.0445,1.9607,449,139.9803,0,0,0,1,Gaming
56.0014,70.4654,3.657,67.8786,0.0451,0.056,1.3142,468,118.8499,0,0,0,1,Gaming
64.9052,76.7631,1.8718,75.0614,-0.2727,0.0505,1.5664,456,119.116,0,0,0,1,Gaming
6.9542,18.3984,20.6359,33.9951,1.1124,0.0071,4.5782,456,66.279,1,1,0,3,Coding
9.6472,30.6907,13.9767,44.7868,2.2859,0.1129,1.6248,454,140.1667,0,1,0,0,Video_Call
8.2217,15.9415,21.2162,48.9168,4.6633,0.0537,2.0966,472,143.5894,0,1,0,5,Browsing
12.4732,20.362,18.2703,52.905,1.6868,0.1011,1.2316,465,141.255,0,1,0,0,Video_Call
93.6986,100.0,4.2989,69.4758,7.0268,-0.0073,16.8113,474,168.924,1,1,0,4,Compiling
7.8909,25.3629,19.707,28.6952,0.5501,0.0114,4.981,448,62.3888,1,1,0,3,Coding
11.2933,21.0198,19.5274,37.0635,1.081,0.0044,5.1099,450,65.7443,1,1,0,3,Coding
7.8014,22.7148,18.4154,27.7525,-0.279,0.0094,6.1223,448,57.5428,1,1,0,3,Coding
5.3231,13.045,19.4583,47.611,0.8696,0.0506,0.7686,474,149.9483,0,1,0,0,Video_Call
76.202,83.5381,5.8529,53.74,3.9279,0.0018,29.8298,506,205.8115,1,1,1,4,Compiling
8.2828,24.7849,22.8984,31.0666,-2.4739,0.0138,5.4156,457,57.4512,1,1,0,3,Coding
11.3316,23.6463,18.6445,28.2084,0.7551,0.0107,5.8941,454,51.7592,1,1,0,3,Coding
4.6212,6.7503,1.3399,25.5907,-0.0426,0.0071,0.4773,435,40.429,0,0,0,2,Idle
1.7941,11.5414,21.7506,39.6113,1.215,0.0397,1.8403,440,104.8808,0,1,0,0,Video_Call
9.3966,23.456,17.3093,37.5509,2.7514,0.0683,0.5199,467,136.7483,0,1,0,0,Video_Call
4.0229,5.7164,1.7928,30.0513,-0.1985,0.007,1.1506,437,56.4224,0,0,0,2,Idle
7.315,16.1992,12.7937,49.6954,5.404,0.0728,0.7428,479,141.995,0,0,0,0,Video_Call
10.8789,25.3937,14.4395,53.7977,3.9493,0.1204,1.9329,480,128.1441,0,1,0,0,Video_Call
80.6402,88.1207,4.3869,54.7429,2.9023,-0.0015,20.4301,491,153.941,1,0,1,4,Compiling
3.1213,4.0233,1.2796,33.6193,-0.0714,0.0046,0.9802,443,51.0478,0,1,0,2,Idle
68.1215,81.9088,4.0035,70.8938,-0.0392,0.0527,1.9752,467,143.2874,0,0,0,1,Gaming
75.334,81.5164,3.6985,65.5852,6.0918,0.0026,10.7287,477,211.0515,1,0,1,4,Compiling
60.7558,73.5043,2.4858,68.2901,0.2431,0.0593,1.7666,463,141.0943,0,0,0,1,Gaming
9.8443,25.0356,24.3822,32.9722,0.03,0.0018,5.2245,459,56.8771,1,1,0,3,Coding
58.2747,70.0172,3.9957,73.4699,-0.0002,0.0429,1.5531,458,139.5796,0,0,0,1,Gaming
4.645,13.3488,25.9042,34.8034,1.2377,0.0093,5.478,463,63.5159,1,0,0,3,Coding
3.8467,6.1956,1.3161,29.692,-0.5755,0.0087,0.9099,419,43.1869,0,0,0,2,Idle
75.5167,83.8193,5.8063,60.308,1.5357,0.006,18.745,475,190.5552,1,0,1,4,Compiling
61.3192,73.348,2.7455,61.9361,-0.8881,0.0791,2.0843,475,132.7685,0,0,0,1,Gaming
63.8324,74.0303,1.3663,72.6648,-0.3056,0.0374,2.1489,441,130.5819,0,0,0,1,Gaming
7.5684,20.5734,21.2794,50.2508,8.1173,0.0258,1.7965,498,103.1882,0,1,0,5,Browsing
4.6229,18.8441,17.5753,58.5783,6.5334,0.0174,1.0795,476,117.7415,0,1,0,5,Browsing
74.6958,90.0857,2.4028,67.7286,-0.6811,0.0384,1.9906,480,147.8213,0,0,0,1,Gaming
88.1011,94.975,1.1602,61.7307,6.2604,0.0027,21.6152,507,164.3694,1,0,1,4,Compiling
89.0252,97.5904,5.6946,56.686,8.1797,0.0039,17.0776,516,181.3519,1,0,1,4,Compiling
11.4217,33.3413,11.9777,50.4237,4.7282,0.0561,1.8493,464,139.92,0,1,0,5,Browsing
61.7143,72.5272,2.829,61.4849,-0.3282,0.0249,1.0239,480,134.7249,0,0,0,1,Gaming
82.5601,88.0742,6.5346,58.2925,5.0506,0.0057,23.7626,495,163.9941,1,0,1,4,Compiling
75.3071,82.8232,8.2311,66.2592,2.4794,-0.005,20.3656,502,200.8051,1,0,0,4,Compiling
4.2193,7.456,0.4654,30.3594,-0.8023,0.0071,0.3657,445,51.3557,0,0,0,2,Idle
12.1295,33.3091,14.8293,43.1926,4.7602,0.0767,0.525,470,117.2427,0,0,0,0,Video_Call
12.7957,30.7996,17.8464,47.4331,0.339,0.1195,1.1783,449,146.0995,0,1,0,0,Video_Call
68.8238,81.1435,3.0008,66.7173,0.1566,0.0334,2.2144,503,122.0762,0,0,0,1,Gaming
61.5853,73.1729,3.78,71.4898,-0.1372,0.0257,2.1344,465,106.0664,0,0,0,1,Gaming
3.4973,3.9973,1.8435,35.3169,0.6335,0.0072,1.0688,436,48.1315,0,0,0,2,Idle
81.1005,86.1601,2.454,54.5923,5.6758,0.0024,29.0239,520,183.3261,0,1,1,4,Compiling
1.5426,2.5788,1.4552,31.097,0.2363,0.0021,1.0127,430,44.1027,0,0,0,2,Idle
86.266,91.852,5.4236,62.5509,3.0678,0.0125,21.5197,535,180.2353,1,1,1,4,Compiling
7.4298,24.0369,12.2244,44.8074,2.0439,0.0765,0.5141,461,136.5641,0,1,0,0,Video_Call
9.3365,18.7843,18.3718,44.0828,3.9413,0.065,2.2935,461,94.1715,0,1,0,5,Browsing
63.9796,75.1815,3.7932,76.4432,0.029,0.063,0.4843,477,119.9135,0,0,0,1,Gaming
9.4957,19.3721,21.5171,36.3281,-1.7931,0.0096,6.625,465,57.2472,1,1,0,3,Coding
7.0087,22.0306,22.3909,33.7132,1.4699,0.0098,4.9301,453,65.3351,1,1,1,3,Coding
13.9028,24.565,12.9574,46.2059,2.8731,0.1155,1.842,455,142.7338,0,1,0,0,Video_Call
10.2262,22.7092,22.4267,27.5873,-0.4473,0.0172,5.988,451,61.8164,1,1,0,3,Coding
81.313,90.7899,5.328,64.5806,5.0321,0.0143,22.0528,492,174.5138,1,0,1,4,Compiling
6.0686,17.7708,9.8688,43.7669,8.4916,0.0482,1.7053,465,124.3617,0,1,0,5,Browsing
72.0885,82.8001,3.6488,66.4431,-0.1722,0.0482,2.4489,484,136.7317,0,0,0,1,Gaming
7.5603,16.0732,8.4393,41.4264,-0.2275,0.0239,1.1424,439,151.968,0,1,0,0,Video_Call
8.994,19.3919,19.7548,35.6022,3.9824,0.0173,2.0917,458,119.082,1,1,0,3,Coding
61.7498,68.0251,2.5908,71.1772,0.2067,0.0092,2.1196,472,114.69,0,0,0,1,Gaming
12.1633,20.5091,21.55,46.1503,7.6736,0.0355,1.4886,497,134.123,0,1,0,5,Browsing
80.8436,93.2429,5.551,60.7662,4.1198,-0.0076,19.5491,499,188.4981,1,1,1,4,Compiling
63.6868,74.4279,3.8223,78.5586,0.3874,0.0562,3.5284,480,132.2752,0,0,0,1,Gaming
2.0203,4.6652,1.4875,30.3197,-0.0738,0.01,0.9398,447,54.1712,0,0,0,2,Idle
10.6165,21.1022,21.9244,32.0583,-0.6227,0.0121,5.1702,458,60.2634,1,1,0,3,Coding
65.7739,77.4889,2.8726,75.1262,-0.0327,-0.003,2.311,481,138.8184,0,0,0,1,Gaming
2.5958,4.1828,1.1829,33.2659,-0.6027,0.013,1.4267,432,38.5182,0,0,0,2,Idle
78.6769,88.7116,4.6345,58.3386,8.3605,-0.0009,19.288,514,149.1854,1,0,1,4,Compiling
9.2909,27.5162,17.356,27.7935,-0.1436,0.0147,5.5633,459,62.5434,1,1,0,3,Coding
4.1816,7.6283,0.9641,32.1719,0.4306,-0.0084,0.1101,445,41.4167,0,0,0,2,Idle
75.137,89.9383,2.3409,72.1438,-0.4679,0.0323,1.9446,470,129.6513,0,0,0,1,Gaming
3.3393,7.3601,0.4739,30.2908,-0.0898,0.0019,0.6902,451,57.4337,0,0,0,2,Idle
87.2577,100.0,5.436,56.6079,4.9676,0.0049,21.4185,500,181.6609,1,0,1,4,Compiling
3.4081,6.4692,0.4492,25.615,0.448,0.0049,0.2745,449,48.5482,0,0,0,2,Idle
10.2185,22.5603,17.9178,56.842,0.2589,0.0865,1.3989,485,117.5606,1,1,0,0,Video_Call
83.7653,94.746,6.2281,61.803,4.6963,-0.0002,19.8523,462,151.5703,1,0,1,4,Compiling
6.7716,21.0941,22.1012,35.4184,1.391,0.0139,5.1954,460,65.8217,1,1,0,3,Coding
9.714,28.6495,14.8476,60.9273,1.0221,0.0864,1.2072,457,111.2543,1,1,0,0,Video_Call
8.5694,21.826,17.571,40.1521,1.9653,0.0339,2.1531,492,142.0143,0,1,0,5,Browsing
73.0415,84.1802,3.1224,73.3015,-0.133,0.0193,2.5839,441,156.3834,0,0,0,1,Gaming
60.2893,70.6922,1.9371,64.62,0.2803,0.044,3.4868,487,114.4606,0,0,0,1,Gaming
2.345,5.5181,1.4429,25.7227,0.1637,0.0086,0.739,443,42.414,0,0,0,2,Idle
82.3662,89.551,6.9514,54.0403,3.532,0.0274,18.3964,511,175.062,1,1,1,4,Compiling
4.3871,7.3102,1.172,28.6155,-0.3199,0.0126,1.2489,452,47.0636,0,0,0,2,Idle
4.3673,6.2022,1.4666,25.9462,-0.1975,0.0091,0.8834,444,57.2283,0,0,0,2,Idle
11.8661,22.9466,18.5248,49.7009,3.0796,0.0884,1.0982,460,114.2349,0,1,0,0,Video_Call
6.8339,23.9726,19.4694,34.03,0.1662,0.0116,4.9439,465,67.1563,1,0,0,3,Coding
3.653,6.9845,2.3297,32.7309,0.6412,-0.001,0.5033,435,30.9378,0,0,0,2,Idle
86.5021,94.741,2.9401,59.8356,5.5958,0.007,29.043,515,186.3409,0,0,0,4,Compiling
5.2095,15.9137,20.1511,48.0701,6.8122,0.051,1.7654,445,107.7222,0,0,0,5,Browsing
9.8083,22.1843,12.2593,53.3426,1.0663,0.106,1.3639,465,153.6559,0,1,0,0,Video_Call
63.6383,77.5664,3.7568,80.7069,0.3618,0.0808,1.5929,477,155.6624,0,0,0,1,Gaming
8.6514,21.2069,19.6712,36.118,2.0529,0.0062,7.0244,461,63.9282,1,1,0,3,Coding
1.9131,4.1223,1.2071,30.2466,0.3333,0.0055,0.5681,433,36.0517,0,0,0,2,Idle
72.5128,79.9201,3.9934,74.3143,-0.2903,0.0207,2.4052,461,163.6863,0,0,0,1,Gaming
57.4813,70.4659,2.5989,72.0518,0.1184,0.0363,2.8387,458,167.497,0,0,0,1,Gaming
79.9728,89.9928,4.7874,63.6556,6.4242,0.0044,24.3019,493,167.1757,1,1,1,4,Compiling
9.3042,21.8651,17.3611,32.6746,0.9472,0.0103,4.3354,461,60.8875,1,1,1,3,Coding
4.2618,4.7618,0.0,26.9959,-0.2009,0.0042,0.8121,447,38.8041,0,0,0,2,Idle
85.3808,90.0228,6.2339,63.8347,7.3986,-0.0024,23.411,488,166.5721,1,0,1,4,Compiling
78.5413,91.7927,1.5585,71.1921,0.2446,0.0414,2.3271,448,108.9135,0,0,0,1,Gaming
9.9551,26.8787,16.8821,51.0972,4.3538,0.0282,2.0807,447,119.8236,0,1,0,5,Browsing
6.7293,15.8998,14.0381,44.6599,3.7125,0.1239,2.2905,491,121.807,0,1,0,0,Video_Call
7.6605,26.0878,14.7474,39.6746,2.2032,0.0409,1.6059,465,113.4441,1,1,0,3,Coding
3.7281,5.9131,0.5946,32.1655,0.2113,0.0108,0.501,442,46.6478,0,0,0,2,Idle
12.935,30.252,13.0901,57.5589,0.2159,0.0542,1.4753,489,125.3618,0,1,0,0,Video_Call
76.8944,81.0833,3.3852,59.6331,2.5599,0.0005,15.7898,475,193.4489,1,1,1,4,Compiling
10.2271,26.1626,18.0875,50.4645,11.043,0.0502,1.6955,509,122.5103,0,0,0,5,Browsing
74.3048,84.6288,6.2228,72.6932,5.1445,0.011,24.6915,498,153.5355,0,0,1,4,Compiling
10.7259,25.5358,13.6087,45.9446,2.3423,0.0833,0.8307,458,112.245,1,1,0,0,Video_Call
10.9857,31.506,22.1419,43.0633,1.6172,0.0853,0.6374,466,116.1017,0,1,0,0,Video_Call
71.8445,86.1115,3.8569,73.1967,0.3899,0.0257,2.3975,489,138.0925,0,0,0,1,Gaming
10.7137,26.1649,17.9323,45.9948,1.723,0.1241,1.4973,471,120.4115,0,1,0,0,Video_Call
7.7377,20.4823,17.9578,27.1374,1.3151,0.0089,5.5107,446,64.0712,1,0,1,3,Coding
94.5666,100.0,3.4517,50.5024,1.0442,0.0252,22.2673,485,202.0493,1,0,1,4,Compiling
7.4113,24.8376,23.7074,55.3518,4.449,0.0652,0.8495,496,113.2522,0,1,0,5,Browsing
63.7449,77.4895,3.4484,67.6664,0.0315,0.0704,0.4673,473,113.3813,0,1,0,1,Gaming
2.6728,6.2756,0.3388,30.5701,0.1646,0.0071,1.0228,446,37.4964,0,0,0,2,Idle
76.0622,84.7992,4.3874,57.2159,1.3011,-0.0087,24.6331,496,145.6854,1,1,1,4,Compiling
4.3276,7.0004,0.9411,29.9999,0.5727,0.0086,0.4383,454,53.9724,0,0,0,2,Idle
4.2832,5.4347,0.0722,24.2809,-0.0284,0.0046,0.9381,435,39.6546,0,0,0,2,Idle
13.0769,25.9176,16.9895,30.5001,0.8965,0.009,4.6674,452,59.4386,1,1,0,3,Coding
8.9022,27.7665,20.8275,35.725,0.538,0.0081,4.6085,446,62.4258,1,1,0,3,Coding
76.0042,84.7526,2.3603,64.8611,7.6332,-0.008,17.6164,506,193.318,1,0,1,4,Compiling
81.4295,87.8383,4.6084,65.5948,3.776,-0.0265,27.6273,534,195.0055,1,0,1,4,Compiling
65.3881,79.9325,4.8863,71.189,0.2738,0.0278,3.2854,485,143.2453,0,0,0,1,Gaming
82.6461,88.6835,4.3752,58.8792,7.1207,0.0029,26.6846,500,221.4809,1,0,1,4,Compiling
7.3889,23.8245,20.6328,42.0421,9.0756,0.0217,1.7253,452,108.2555,0,1,0,5,Browsing
70.4297,84.9273,1.3779,70.5096,-0.0217,0.0303,2.2184,453,127.1425,0,0,0,1,Gaming
71.5976,75.6318,5.6081,57.6659,5.9659,-0.0011,19.8835,523,190.7736,1,0,1,4,Compiling
82.0726,90.0713,5.0065,52.8795,6.0932,0.0044,21.4542,480,196.2447,0,0,1,4,Compiling
3.1266,6.1958,1.9186,29.1515,-0.6373,0.0047,1.1238,442,48.9087,0,0,0,2,Idle
86.0726,94.5238,5.084,71.037,3.1271,-0.0043,21.2367,472,195.1953,1,1,1,4,Compiling
61.1568,75.5654,3.3091,71.0837,0.2013,0.0405,1.97,472,125.9842,0,0,0,1,Gaming
4.9646,7.0777,0.7203,36.0239,0.3716,0.0037,0.4842,440,56.4638,0,0,0,2,Idle
9.8014,24.0743,21.0131,45.2241,2.7256,0.092,1.0359,484,129.7063,0,1,0,0,Video_Call
6.4747,18.7779,16.5651,44.9404,2.1013,0.0587,1.827,469,119.2718,0,1,0,0,Video_Call
3.4769,3.9769,0.9132,32.5722,-0.2917,0.0012,0.95,446,49.0024,0,0,0,2,Idle
12.3016,33.3991,13.6357,45.0629,2.577,0.1038,1.5033,466,128.8354,0,1,0,0,Video_Call
4.2518,15.5997,20.9993,37.0957,8.6112,0.0452,1.998,467,116.0291,0,1,0,5,Browsing
81.9442,91.316,6.3091,60.1679,2.5781,0.0015,27.0193,510,159.252,0,0,1,4,Compiling
9.7107,22.3846,16.5346,43.9236,-2.0731,0.1106,1.9858,483,142.3608,0,1,0,0,Video_Call
10.5751,29.718,16.6276,42.0569,4.8946,0.0488,1.7606,460,95.064,0,1,0,5,Browsing
5.2038,12.7644,12.9084,45.4591,0.5365,0.1078,0.8425,475,134.6945,0,1,0,0,Video_Call
67.5027,81.013,2.418,73.7575,-0.3637,0.0963,2.6674,453,153.0568,0,0,0,1,Gaming
10.0134,16.9082,19.5452,33.9305,0.9709,0.0152,5.6607,451,58.1986,0,1,0,3,Coding
4.6113,6.7528,0.7797,29.3352,-0.5463,0.0074,0.8452,438,51.7665,0,0,0,2,Idle
3.405,13.3723,14.0447,38.6598,0.414,0.0213,2.4479,446,119.6491,1,1,0,3,Coding
5.4242,16.8763,23.5176,50.1898,6.3272,0.0357,1.6605,475,138.4675,0,1,0,5,Browsing
9.3148,17.7903,25.7401,32.657,-0.2975,0.0087,5.715,457,59.2543,1,1,0,3,Coding
8.0343,25.8058,15.6724,50.7447,2.0865,0.0934,1.3937,469,121.5108,0,1,0,0,Video_Call
82.6758,92.0062,5.2304,75.4026,6.4736,-0.0023,18.6856,521,198.3267,1,0,1,4,Compiling
7.9043,22.2759,17.5903,35.0587,-0.7832,0.0037,5.5878,453,56.1312,1,1,1,3,Coding
9.4786,18.2681,20.7002,52.5816,5.8823,0.0643,2.2031,495,108.9372,0,1,0,5,Browsing
3.239,5.0831,1.5658,26.2701,-0.2236,0.0008,0.0,432,54.334,0,0,0,2,Idle
5.8036,20.1859,19.4999,32.6473,0.6064,0.0142,5.5403,457,50.5717,1,1,0,3,Coding
86.5597,96.3474,5.0131,54.9004,6.3712,-0.0065,22.1862,451,203.7118,1,0,1,4,Compiling
9.7461,12.8233,19.2799,34.0859,-0.1951,0.0129,5.2244,463,61.1007,1,0,0,3,Coding
5.0642,15.4998,16.4758,50.3776,5.5459,0.0448,1.4281,473,116.5639,0,1,0,5,Browsing
80.9222,89.0237,5.862,67.8351,4.1521,-0.0005,13.5411,509,193.4937,1,0,1,4,Compiling
13.6884,36.1168,13.9011,50.7386,2.8308,0.0929,1.2853,456,140.594,1,1,0,0,Video_Call
5.1814,13.3813,11.3313,47.2383,0.4781,0.0572,0.9767,462,168.2964,0,1,0,0,Video_Call
4.076,5.5375,1.1646,31.9118,0.2999,0.0072,1.3226,437,38.9017,0,0,0,2,Idle
75.3207,82.0549,0.2395,68.707,3.9069,0.0056,30.0664,514,183.1414,1,0,1,4,Compiling
7.0107,26.5234,20.4551,33.2106,0.1309,0.0084,5.6885,457,57.8496,1,1,0,3,Coding
2.6435,4.9,0.5832,31.3917,-0.0119,0.0082,0.2153,432,68.8776,0,0,0,2,Idle
85.0691,95.0689,4.2748,69.8909,6.3202,-0.0042,18.2238,531,154.4407,1,0,1,4,Compiling
74.3289,88.3766,4.7131,69.5038,-0.5063,0.0052,2.1844,482,149.3875,0,0,0,1,Gaming
11.7334,19.2817,14.6373,40.561,5.0817,0.0592,1.3647,489,120.6128,0,1,0,5,Browsing
9.387,22.818,17.483,33.0723,0.6038,0.01,5.7843,456,56.1614,1,1,0,3,Coding
80.5243,88.7326,0.5551,66.7795,4.7062,0.0177,24.1667,533,158.1441,1,0,1,4,Compiling
79.0669,89.3452,5.3259,65.9658,1.0604,-0.0004,24.9224,509,164.5593,1,0,0,4,Compiling
8.5368,29.9188,17.4879,50.2142,0.1754,0.0936,0.9637,475,114.503,0,1,0,0,Video_Call
7.118,18.565,22.9536,53.7372,8.705,0.035,1.6119,439,135.7936,0,1,0,5,Browsing
66.9296,82.3178,2.7481,75.3719,0.2551,0.0413,0.6118,479,144.5583,0,0,0,1,Gaming
2.447,4.7182,0.7298,32.0882,-0.3726,0.0067,0.9994,455,49.0523,1,0,0,2,Idle
8.7292,24.3804,18.8313,27.5524,1.4024,0.0075,4.2015,447,59.9124,1,1,1,3,Coding
11.2136,21.2983,13.5213,56.8454,3.608,0.0401,2.3146,467,119.9917,0,1,0,5,Browsing
61.8817,72.2544,1.9548,80.5639,0.5077,0.0268,1.9493,466,135.8662,1,0,0,1,Gaming
9.5204,25.4355,14.623,44.8775,1.71,0.121,1.6088,496,100.844,0,1,0,0,Video_Call
88.4476,95.8179,4.2057,67.775,6.276,-0.0118,20.1425,488,163.3311,1,0,1,4,Compiling
82.9654,90.8307,6.7097,69.2714,4.8494,0.0146,19.5552,481,186.2222,1,1,1,4,Compiling
7.1065,20.3647,22.1241,35.4453,0.5646,0.0099,4.6501,459,67.8732,1,1,0,3,Coding
6.8601,19.4135,17.833,43.2553,7.0102,0.0392,1.7917,519,132.8355,0,1,0,5,Browsing
1.6221,5.8372,0.667,27.2703,0.0419,0.0079,1.4093,459,51.523,0,0,0,2,Idle
14.0458,32.1817,15.8138,43.4985,2.7877,0.0723,1.1927,469,118.1007,0,1,0,0,Video_Call
61.3122,71.1996,2.4693,67.9534,-0.0648,0.0421,3.5414,488,151.0074,0,0,0,1,Gaming
65.7724,78.084,3.0014,79.6444,-0.259,0.0273,1.872,445,153.5198,1,0,0,1,Gaming
2.7176,5.0471,1.8266,29.3875,-0.0674,0.003,1.1149,435,52.463,0,0,0,2,Idle
72.1271,88.6065,4.1362,80.6617,-0.2291,0.0519,2.4238,456,131.3663,0,0,0,1,Gaming
7.3348,17.6067,16.2306,31.1612,-0.0213,0.0138,5.1894,444,64.4001,1,1,0,3,Coding
62.265,74.759,2.5718,76.0256,-0.4305,0.0384,3.5208,469,114.2737,0,0,0,1,Gaming
3.6199,5.8715,0.6168,29.1652,0.7508,0.008,0.763,434,45.1316,0,0,0,2,Idle
76.7224,86.1396,6.1564,57.8194,2.7671,0.0024,21.4731,516,164.019,1,1,1,4,Compiling
50.1428,57.564,2.9342,76.7164,-0.0927,0.0548,1.6302,483,144.1797,0,0,0,1,Gaming
7.6991,15.4173,20.1037,28.4142,0.2329,0.0067,5.73,456,60.1802,1,0,0,3,Coding
4.1724,7.9618,2.0593,35.9309,0.0141,0.0063,0.9665,441,50.7157,0,1,0,2,Idle
48.822,67.3155,3.1067,64.9965,0.3705,0.0725,2.1553,481,119.6076,0,0,0,1,Gaming
2.7885,6.4355,1.3761,25.7998,0.1632,0.0057,0.6577,436,45.5588,0,0,0,2,Idle
6.1828,22.2995,24.6702,42.4443,8.4716,0.0388,2.1446,488,117.5857,0,1,0,5,Browsing
88.9178,98.4753,6.5443,59.1572,8.3075,0.0099,17.7792,510,136.9509,0,0,1,4,Compiling
7.3526,21.3645,7.2065,40.4947,1.597,0.0939,1.3687,460,110.4211,0,1,0,0,Video_Call
78.1674,83.8781,5.4212,55.648,6.3966,0.0138,14.047,512,175.8567,1,0,1,4,Compiling
3.3492,5.4202,1.3825,28.8175,0.4271,0.0043,0.9453,436,39.5132,0,0,0,2,Idle
86.0042,98.1966,3.4052,66.4508,4.1484,0.0078,24.3898,501,148.1325,1,0,1,4,Compiling
9.7791,25.0555,20.2678,44.0327,9.7014,0.0374,1.3473,490,72.715,0,1,0,5,Browsing
10.7525,20.504,16.8105,50.2712,7.2346,0.0437,1.482,490,104.5304,0,1,0,5,Browsing
7.0988,21.9822,17.39,43.0904,5.0263,0.0371,1.0505,459,122.679,0,1,0,5,Browsing
91.1331,100.0,5.4203,56.0352,3.5837,0.0009,22.7271,507,169.7067,0,1,1,4,Compiling
11.862,24.8511,24.374,33.371,0.925,0.0089,4.4762,461,54.2787,1,1,0,3,Coding
11.2423,27.3184,21.9056,32.8478,1.1983,0.0086,3.4767,447,68.8411,1,1,0,3,Coding
10.2849,25.0025,13.7289,48.0153,3.3483,0.078,0.9059,487,99.9271,0,1,0,0,Video_Call
2.1709,5.1408,0.4456,31.5107,0.1141,0.0036,0.2493,441,41.7749,0,1,0,2,Idle
7.1212,20.012,18.7726,33.4484,-0.6298,0.0084,5.9973,442,57.1797,1,1,0,3,Coding
10.5645,21.9421,15.8829,32.7668,0.9742,0.0096,4.7791,454,68.5437,1,1,0,3,Coding
71.9379,82.3078,4.1354,69.9972,0.1993,0.0394,2.0037,477,143.705,0,0,0,1,Gaming
86.821,91.7477,5.4406,72.2997,5.3484,-0.0105,10.2943,480,201.2698,1,0,1,4,Compiling
12.0507,32.3975,16.27,41.8213,2.7488,0.1093,1.7079,479,143.7892,0,1,0,0,Video_Call
8.4773,17.7359,13.4979,35.9336,4.3484,0.0095,2.1724,495,116.8024,0,1,0,5,Browsing
57.8783,72.6319,5.575,70.51,0.4159,0.0432,1.9129,451,134.7489,0,0,0,1,Gaming
10.7558,21.0724,21.7732,34.1296,0.0737,0.0021,4.0108,454,73.0055,1,0,0,3,Coding
4.2923,4.9764,1.4669,29.7383,-0.4168,0.0138,0.9056,448,62.4052,0,0,0,2,Idle
3.556,5.8143,1.2823,29.7299,-0.3897,0.0029,1.3077,441,38.955,0,0,0,2,Idle
3.1828,7.0157,0.9523,33.3476,0.3737,0.0049,1.1528,449,38.5827,0,0,0,2,Idle
93.1761,99.7793,7.7611,70.8826,6.3875,0.0028,22.2843,516,162.1729,1,0,1,4,Compiling
9.2296,26.8801,23.3927,28.5566,1.0932,0.0079,6.14,458,70.5161,1,0,0,3,Coding
13.7632,36.2982,15.8835,45.3269,2.7901,0.0902,1.5106,476,128.8125,0,1,0,0,Video_Call
7.1522,21.5381,7.5524,50.5304,0.9666,0.1024,1.1923,457,155.615,0,1,0,0,Video_Call
2.747,4.7876,0.5514,33.7527,0.4103,-0.0031,0.0,429,47.9392,0,0,0,2,Idle
15.8547,24.8754,16.1856,47.7763,3.6588,0.1085,1.2087,469,124.2522,0,0,0,0,Video_Call
73.4088,83.7811,5.8479,64.6387,6.172,0.0135,15.5961,547,163.109,1,0,1,4,Compiling
9.4216,22.4457,18.6934,33.4709,0.8383,0.005,3.6537,462,65.1745,1,1,0,3,Coding
5.512,8.7302,1.7608,29.0149,0.3574,0.0081,0.3926,436,64.4913,0,0,0,2,Idle
4.7384,14.5584,18.7024,43.5357,6.7228,0.0346,1.2969,466,97.8757,0,1,0,5,Browsing
81.0974,93.0054,4.4329,71.9301,6.9639,-0.0106,18.4034,508,182.2208,1,0,1,4,Compiling
84.0987,93.3699,4.4543,48.9742,3.4972,-0.0084,16.212,520,187.173,1,0,1,4,Compiling
86.5676,94.0966,5.0701,57.525,3.1839,0.0092,24.8665,515,181.3166,0,0,1,4,Compiling
78.3473,87.3403,5.4717,74.2696,6.9622,-0.0127,32.7655,487,156.9071,1,0,1,4,Compiling
7.5846,19.4699,22.2408,38.774,2.5991,0.0545,1.6772,460,131.4054,1,1,0,3,Coding
65.2504,80.3051,3.4979,65.0652,-0.482,0.0703,2.2974,455,146.2417,0,1,0,1,Gaming
73.0045,80.7426,4.2475,57.3646,4.8572,-0.0024,23.2177,493,175.5774,1,0,1,4,Compiling
46.0921,59.5397,3.1859,72.7282,-0.0712,0.031,0.3667,442,152.9149,0,0,0,1,Gaming
8.755,23.0083,17.1558,29.8861,1.5019,0.0047,5.4159,453,63.1163,1,1,0,3,Coding
84.3271,98.9429,1.4678,75.4487,-0.0266,0.0594,3.1389,450,143.6508,0,0,0,1,Gaming
55.5733,67.8304,1.9458,76.5494,-0.7264,0.0338,0.9033,448,142.1766,0,0,0,1,Gaming
68.0895,78.9408,3.4682,78.2683,-0.8722,0.0314,2.6269,465,150.9986,0,0,0,1,Gaming
10.0469,24.5978,15.6595,43.5682,3.5381,0.1213,1.4899,488,112.6044,0,1,0,0,Video_Call
9.5951,17.5287,22.5294,53.6565,7.8028,0.0237,2.126,478,84.2633,0,1,0,5,Browsing
61.3214,71.2698,1.3149,68.9264,-0.1954,0.0803,2.1503,472,150.4202,0,0,0,1,Gaming
4.4645,13.8636,13.2783,49.3961,10.5965,0.0361,1.3174,443,122.7722,0,1,0,5,Browsing
7.9296,20.4259,24.0352,44.4931,0.6587,0.0501,1.6818,440,129.3186,0,1,0,0,Video_Call
7.5088,22.4866,16.1372,55.2205,2.1652,0.0821,1.3064,496,127.5002,0,1,0,0,Video_Call
4.6972,7.3213,1.2141,31.6681,-0.4988,0.0074,0.8246,450,45.6992,0,0,0,2,Idle
2.4059,6.6358,1.6319,29.2682,0.3366,0.0065,0.753,445,52.1035,0,0,0,2,Idle
8.697,18.779,17.6053,24.6211,-0.1326,0.0055,5.4812,462,50.7031,1,0,0,3,Coding
8.2156,25.2271,23.5249,45.25,0.1786,0.029,1.3933,474,154.3685,0,1,0,0,Video_Call
11.1544,19.2635,16.6379,45.5882,0.0819,0.0728,1.7351,494,134.4241,0,0,0,0,Video_Call
12.709,30.8693,8.0694,52.1948,0.8556,0.0973,1.7627,482,126.7654,1,1,0,0,Video_Call
59.5018,69.7444,2.4909,70.545,0.2496,0.0677,0.8287,491,139.7904,0,0,0,1,Gaming
8.2189,15.1003,25.2012,31.9088,-0.3959,0.0122,6.6945,455,57.9467,1,0,0,3,Coding
1.9399,5.4463,0.8683,26.3649,0.6422,0.0004,0.8378,434,42.6865,0,0,0,2,Idle
5.6801,19.601,20.4654,35.6809,0.8932,0.0062,4.7229,463,63.3635,1,1,0,3,Coding
3.0848,6.6152,1.3318,29.0003,0.2729,0.0136,1.3551,447,40.2663,0,0,0,2,Idle
6.6634,18.9033,19.4665,27.2806,-0.9965,0.0077,5.8898,454,66.6899,1,1,0,3,Coding
4.0435,7.5064,1.16,24.8932,-0.1866,0.0044,1.3206,451,49.5491,0,1,0,2,Idle
73.6895,85.461,2.3881,70.9532,0.0543,-0.0012,1.7882,464,160.0886,0,0,0,1,Gaming
11.5577,21.5341,15.7171,51.9066,10.459,0.0546,1.6675,454,119.9776,0,1,0,5,Browsing
80.4992,88.0202,3.3283,61.9056,1.0908,0.0023,25.3199,532,209.7823,1,1,1,4,Compiling
90.2639,98.2254,4.7324,52.9549,5.9413,0.0052,28.3255,493,156.6158,1,1,1,4,Compiling
8.4439,28.8101,14.115,44.5859,0.7673,0.0861,1.1917,497,124.9393,0,1,0,0,Video_Call
4.6344,7.7905,1.2904,32.3763,-0.2075,0.0007,0.8834,463,51.8461,0,0,0,2,Idle
88.0739,95.2279,3.6734,64.1747,4.8715,-0.0019,14.4033,495,168.7211,1,0,1,4,Compiling
77.95,86.7964,3.5313,60.0225,9.6973,-0.0084,34.7504,506,174.6459,1,0,1,4,Compiling
57.525,73.2339,2.7278,72.2573,-0.0743,-0.0142,0.9837,461,150.7491,0,0,0,1,Gaming
12.2557,28.0943,13.024,46.9646,2.2088,0.0753,1.4756,460,148.4833,0,1,0,0,Video_Call
7.1365,21.2308,20.1449,41.8608,2.9042,0.0305,1.3817,493,108.4563,0,1,0,5,Browsing
7.9332,19.4195,19.4943,34.6598,0.9724,0.0093,6.0108,458,59.9144,1,1,0,3,Coding
9.1536,22.4459,19.8592,35.6103,-0.4266,0.0079,4.5241,448,72.9829,1,0,0,3,Coding
74.266,85.5833,5.6173,64.0699,4.9981,-0.0089,22.8162,479,181.609,1,1,1,4,Compiling
1.9592,6.4945,1.7133,33.1153,-0.3045,0.014,0.9887,433,61.0722,0,0,0,2,Idle
80.8457,95.2009,3.7257,74.8822,0.2434,0.0516,2.9949,466,119.3333,0,1,0,1,Gaming
2.6065,5.1786,1.7056,33.1587,0.4498,0.0083,1.0832,437,39.0909,0,0,0,2,Idle
65.8327,77.389,4.4351,80.1761,-0.0181,0.0384,2.9539,466,137.1081,0,0,0,1,Gaming
4.1919,6.5488,0.1236,27.1786,0.4197,0.0101,0.8857,464,53.1603,0,0,0,2,Idle
9.4609,23.9166,23.8875,50.3018,4.7503,0.0563,2.3835,467,106.388,0,1,0,5,Browsing
76.5584,86.7916,3.1279,56.4905,2.4675,0.0122,23.1556,516,162.4832,1,0,1,4,Compiling
3.9525,6.8397,0.8272,30.5907,0.255,0.011,0.9313,431,47.1705,0,0,0,2,Idle
16.8031,29.4971,16.1272,52.7013,3.309,0.0588,1.754,499,133.1666,0,1,0,0,Video_Call
8.3983,25.1264,21.8185,25.2944,2.6791,0.0101,5.6519,459,60.5944,1,1,0,3,Coding
9.2269,17.4153,20.6318,33.4261,1.0857,0.0045,5.3527,454,62.0218,1,1,1,3,Coding
6.0054,20.4241,10.068,53.9418,2.7326,0.0974,0.6261,472,129.1974,0,1,0,0,Video_Call
80.0001,86.0151,7.1955,60.4641,4.2244,0.0021,29.1943,502,189.5743,1,1,1,4,Compiling
65.54,79.4481,3.9979,69.309,0.0656,0.0287,1.7084,476,107.7728,0,0,0,1,Gaming
2.3589,14.1887,17.2958,37.6323,4.6873,0.0509,1.6463,488,104.427,0,1,0,5,Browsing
12.0373,31.1153,13.1614,56.1131,3.5164,0.0994,1.9601,465,108.9794,0,1,0,0,Video_Call
9.0815,23.6111,17.4255,35.1886,-0.0646,0.012,4.7301,456,58.0975,1,0,0,3,Coding
61.3082,77.9357,3.3302,71.5604,-0.8266,0.0316,2.2533,436,139.8472,0,0,0,1,Gaming
9.1267,28.502,19.6813,36.8441,1.3113,0.0065,6.5658,457,67.4668,1,1,0,3,Coding
13.8924,32.2946,18.3141,48.1891,1.3375,0.0772,1.0911,486,136.7342,0,1,0,0,Video_Call
8.5662,15.3471,12.4205,48.8915,2.3916,0.0806,1.8434,439,121.5971,0,1,0,0,Video_Call
8.7791,26.002,15.0698,55.3049,2.2295,0.0663,1.1201,481,126.4043,0,1,0,0,Video_Call
6.899,22.2961,15.8322,43.9078,2.2948,0.076,1.468,479,149.5905,0,1,0,0,Video_Call
9.0655,23.6712,15.5398,47.4574,3.3578,0.1031,0.7444,451,163.1856,0,1,0,0,Video_Call
3.8196,6.1283,0.8161,31.9522,-0.148,0.0079,0.0146,446,48.9079,0,0,0,2,Idle
10.9105,25.4782,20.3056,41.2106,7.3173,0.0394,1.1496,489,141.345,0,0,0,5,Browsing
66.943,80.5192,2.7874,82.7475,0.0788,0.0537,2.0051,471,140.2116,1,0,0,1,Gaming
80.6287,91.8335,8.0338,70.5442,6.0601,-0.0104,25.3146,491,166.7239,0,0,1,4,Compiling
11.5801,24.5,22.8658,34.3194,1.0352,0.012,4.656,462,70.1648,1,1,0,3,Coding
88.5235,97.5204,5.1095,56.8946,6.0684,-0.0031,22.1343,456,167.156,1,1,1,4,Compiling
78.8855,89.5128,4.0933,72.0452,-0.6704,0.0076,2.2928,472,112.8519,0,0,0,1,Gaming
2.8988,3.3988,0.8194,28.0925,0.3127,0.0058,0.9898,447,41.6065,0,0,0,2,Idle
7.2798,18.4404,23.2934,32.2654,0.4945,0.0076,6.5591,448,53.6171,1,0,0,3,Coding
84.7338,91.7237,5.5937,59.5141,2.9959,-0.0019,21.0952,524,195.5516,1,0,0,4,Compiling
14.1341,32.7994,18.4197,44.4416,1.4467,0.1038,0.9029,475,145.2842,0,1,0,0,Video_Call
5.0325,7.126,0.4496,33.8234,0.8477,-0.0019,0.6993,441,43.4343,0,0,0,2,Idle
81.125,87.0239,5.8372,60.8495,5.6889,-0.0007,23.8064,498,164.886,1,0,1,4,Compiling
5.361,9.5727,1.799,32.1711,0.3311,0.0018,0.2211,449,44.9176,0,0,0,2,Idle
8.6924,16.1963,22.3415,35.3212,0.355,0.0098,5.2467,452,58.8749,1,1,0,3,Coding
9.3944,25.4961,18.3742,42.1684,2.0369,0.0392,0.512,449,151.4193,0,1,0,0,Video_Call
11.2847,24.3615,20.3633,45.0585,7.0332,0.0609,2.2127,479,136.598,0,0,0,5,Browsing
83.3534,92.8866,7.1104,69.6499,4.0199,-0.0039,21.9282,482,180.4449,1,1,1,4,Compiling
4.7223,5.5684,1.5218,30.3551,0.3793,-0.0016,0.8014,450,55.155,0,0,0,2,Idle
89.5977,100.0,1.642,66.9042,-0.7348,0.0277,1.9287,492,161.7364,0,0,0,1,Gaming
84.116,91.4207,5.1565,57.0223,4.2707,-0.0087,17.7572,495,182.8489,1,0,1,4,Compiling
6.4901,11.701,17.9629,30.6704,-0.3942,0.0107,6.2501,456,60.5762,1,1,0,3,Coding
79.2571,87.8147,5.042,68.8553,7.9879,0.0118,21.9631,521,194.5514,1,0,1,4,Compiling
86.3312,93.0538,5.7338,56.9763,1.9013,0.0057,21.6901,480,155.9286,1,0,1,4,Compiling
60.8337,72.1996,3.8521,73.3179,-0.4783,0.0531,0.148,475,157.2458,0,0,0,1,Gaming
69.9151,80.903,4.2782,74.1388,-0.5382,0.052,1.3751,479,134.7167,0,0,0,1,Gaming
12.2788,21.9232,12.7507,51.7278,6.7273,0.1166,0.8943,482,126.2644,0,1,0,0,Video_Call
7.7018,22.6552,22.5004,26.8372,-0.6139,0.0079,4.7143,452,65.2212,1,0,0,3,Coding
2.1398,4.1533,1.345,25.696,-0.3538,0.0135,0.463,438,45.9375,0,0,0,2,Idle
84.5117,95.0595,5.3428,60.2299,5.4171,0.0004,16.2498,528,157.4938,1,1,1,4,Compiling
12.1772,30.4812,16.3491,51.5928,5.3651,0.0819,1.5303,472,116.9484,0,1,0,0,Video_Call
5.6052,19.9432,19.6623,39.5096,1.9693,0.0086,6.5546,452,64.1532,1,1,1,3,Coding
87.0759,94.9871,5.0755,59.5627,4.788,0.0034,19.3439,487,162.0668,1,0,1,4,Compiling
54.7346,64.769,1.6168,78.1383,0.6258,0.0681,1.2425,478,152.7731,0,0,0,1,Gaming
80.982,86.9052,2.9614,44.4585,2.0271,0.0045,12.3408,527,176.7971,1,1,1,4,Compiling
10.4255,19.4317,11.3141,45.3515,2.0832,0.0763,0.9501,466,127.997,0,1,0,0,Video_Call
61.424,68.681,1.4602,74.0609,0.053,0.0323,3.8634,478,167.5647,0,0,0,1,Gaming
9.4521,25.4178,20.3093,32.9899,-0.0052,0.0089,6.6121,454,66.7399,1,0,0,3,Coding
81.8627,90.5622,2.2399,67.0375,5.0906,-0.0023,16.5389,459,153.8702,1,0,1,4,Compiling
8.2945,20.0155,21.871,34.5112,-0.2244,0.0131,5.1269,452,64.4135,1,1,0,3,Coding
3.6517,6.4955,0.6817,29.8995,-0.1709,0.0046,0.8499,447,44.2067,0,0,0,2,Idle
11.8976,19.6338,16.4782,50.6769,2.1267,0.0849,0.7193,471,105.2202,0,1,0,0,Video_Call
86.0395,95.893,4.1757,60.1774,4.4775,0.0094,14.9202,528,182.271,1,0,1,4,Compiling
2.2405,5.5584,1.7999,29.8654,0.7858,0.0016,0.9763,440,55.9484,0,0,0,2,Idle
90.0752,100.0,4.0478,62.2748,2.7597,0.0212,21.6915,530,193.2711,1,0,1,4,Compiling
10.3375,20.5676,22.6406,41.1807,6.7871,0.0358,1.4384,470,129.4713,0,1,0,5,Browsing
4.114,6.1741,1.7564,31.5799,0.6956,0.0011,0.7097,431,38.4965,0,0,0,2,Idle
1.9855,3.5697,1.638,31.9928,-0.4876,0.0084,0.3991,441,45.2366,0,0,0,2,Idle
76.2345,85.6515,2.6932,80.6497,0.2339,0.0114,2.2519,447,137.5961,0,0,0,1,Gaming
7.6245,17.2541,28.1882,37.8585,7.741,0.0593,1.7299,466,106.9546,0,1,0,5,Browsing
80.2214,91.1392,5.3528,60.3997,5.0895,0.001,23.4909,511,190.4561,0,0,1,4,Compiling
6.8317,21.3458,20.2287,47.183,3.2806,0.0539,1.8628,454,119.8233,0,1,0,5,Browsing
10.3296,20.7582,15.3004,49.0366,2.0928,0.1006,1.4239,465,104.4263,0,1,0,0,Video_Call
7.1458,17.5197,20.3361,34.1422,1.6484,0.0129,5.1453,452,67.9782,1,1,0,3,Coding
9.3381,26.5706,18.1166,50.3952,6.7025,0.0382,1.7567,477,130.2781,0,1,0,5,Browsing
9.0824,28.2865,24.1954,30.9886,-1.2248,0.0043,6.0248,455,61.0835,1,1,0,3,Coding
3.0002,5.0645,0.7848,28.3702,-0.0762,0.0024,0.8106,427,49.5676,0,0,0,2,Idle
9.979,18.5833,13.4071,48.5129,5.3147,0.0507,2.5097,487,85.2482,0,1,0,5,Browsing
9.3982,23.3509,13.0591,40.9835,1.5308,0.0581,1.5186,477,119.7936,0,1,0,0,Video_Call
11.9433,31.15,13.8402,43.1248,0.4794,0.0533,1.6486,463,139.9442,0,1,0,0,Video_Call
74.6759,83.5361,4.7721,71.4829,3.2795,-0.0026,12.3544,499,211.9318,1,0,1,4,Compiling
11.8874,21.1883,14.7426,47.8163,1.5992,0.0898,1.3502,468,141.7122,1,1,0,0,Video_Call
64.1866,79.5892,2.343,72.8141,-0.0556,0.0481,0.8765,489,113.4987,0,0,0,1,Gaming
7.3546,18.3535,21.0837,30.0057,0.2104,0.0092,6.0764,446,60.3804,1,0,0,3,Coding
10.32,22.6578,25.5438,29.2082,-1.717,0.0193,5.1003,463,55.0525,1,1,0,3,Coding
87.1308,93.6328,4.8082,56.059,3.7941,-0.0019,19.6424,503,167.9047,1,1,1,4,Compiling
71.4067,75.4916,3.57,66.2098,0.4669,0.0474,1.6443,485,145.4299,0,0,0,1,Gaming
9.178,28.19,15.4944,56.4099,0.2786,0.0838,1.1222,470,133.8376,0,1,0,0,Video_Call
90.4283,94.6615,3.7023,70.9556,6.093,0.0025,23.3388,510,179.7448,1,0,1,4,Compiling
9.5238,29.1757,26.834,34.7859,6.5307,0.0021,2.3292,459,135.2637,0,1,0,5,Browsing
7.6339,20.0625,22.8964,26.6674,0.6166,0.0102,5.8019,448,60.2689,1,1,0,3,Coding
9.0718,26.1448,14.6605,48.1008,-0.146,0.0641,0.9931,467,102.2818,1,1,0,0,Video_Call
61.4146,78.013,4.9603,72.4769,-0.3065,0.077,0.858,466,146.044,0,1,0,1,Gaming
7.0765,19.1873,19.9594,39.381,0.1171,0.007,5.9932,464,53.9786,1,1,0,3,Coding
10.6211,21.1419,19.3464,38.7481,0.5874,0.0079,6.0199,445,59.3378,1,1,0,3,Coding
86.3653,96.1285,3.0957,60.2082,4.2467,0.0169,19.2805,518,179.0996,1,0,1,4,Compiling
11.1114,28.5111,14.3353,44.7781,1.9164,0.1084,0.9436,458,114.9324,0,1,0,0,Video_Call
4.3236,4.8236,0.8787,33.7757,-1.0085,0.0109,0.8329,425,51.3535,0,0,0,2,Idle
4.8461,6.6104,0.3487,28.5631,-0.54,0.0116,0.2449,439,55.8411,0,0,0,2,Idle
15.0063,31.877,22.4018,44.3671,4.0282,0.081,1.8223,463,124.6095,0,1,0,0,Video_Call
48.6897,57.2426,3.2866,62.3206,0.0404,0.0437,1.0334,476,130.7379,0,0,0,1,Gaming
57.5403,68.4123,3.4415,76.3449,-0.4535,0.0429,0.5416,459,137.5554,0,0,0,1,Gaming
7.0469,18.0479,14.4588,48.7601,7.7827,0.0352,1.9902,489,115.7915,0,1,0,5,Browsing
7.5783,25.1228,13.4634,48.7536,0.8441,0.0862,1.4384,474,138.7282,0,1,0,0,Video_Call
6.4886,17.3349,13.7807,39.5895,10.2276,0.034,1.9387,443,118.673,1,1,0,5,Browsing
9.446,27.0094,21.8885,45.4964,6.1816,0.0519,1.7948,453,122.4447,0,1,0,5,Browsing
8.9034,20.0817,21.5032,40.1907,-1.3972,0.0659,1.7199,507,94.7793,0,1,0,0,Video_Call
3.4404,6.0697,1.3263,28.6395,0.6962,0.0025,1.405,453,52.6827,0,0,0,2,Idle
85.8851,90.2736,4.354,60.7069,8.472,0.0077,23.7847,511,169.0935,1,1,1,4,Compiling
8.1427,18.3849,20.3079,26.679,0.6224,0.0141,6.7872,456,62.8849,1,1,0,3,Coding
69.8926,75.4494,2.7776,54.6063,5.7251,-0.0032,22.8587,492,178.2179,0,0,1,4,Compiling
8.5912,24.8407,15.8179,43.0747,4.1357,0.084,1.3324,477,132.5954,0,1,0,0,Video_Call
88.4109,95.4363,5.7624,58.2323,9.7172,-0.0062,18.9033,541,216.6968,1,1,1,4,Compiling
68.3627,81.4802,3.2581,79.2368,-0.0981,0.0085,1.9935,503,136.5713,0,1,0,1,Gaming
8.7889,21.3003,18.157,34.1721,-0.7912,0.0071,5.8074,454,67.7551,1,1,0,3,Coding
52.6688,68.8679,4.3033,81.5896,0.3001,0.0229,2.3917,474,140.0621,0,0,0,1,Gaming
91.3295,99.1837,5.9461,55.4055,4.6719,-0.0043,23.6981,512,150.6154,1,0,0,4,Compiling
83.0702,89.7927,6.2741,66.6972,3.0877,-0.0001,17.5115,493,195.8183,0,0,1,4,Compiling
66.7944,74.5582,3.5908,72.2503,0.7785,0.0564,1.6096,469,104.2647,0,0,0,1,Gaming
51.9748,67.2149,2.3644,62.1768,0.576,0.0187,1.1121,486,137.1452,0,0,0,1,Gaming
4.716,7.1594,0.7793,27.0916,0.643,-0.0012,0.6732,437,57.5,0,0,0,2,Idle
81.4306,89.6967,5.725,58.3965,2.1365,-0.0109,23.3822,496,169.3959,1,0,1,4,Compiling
9.1274,23.1547,15.1664,44.0367,1.6416,0.0875,0.6953,485,144.2266,1,1,0,0,Video_Call
56.0155,68.4784,2.8514,65.7952,0.0016,0.0422,1.3552,454,145.5021,0,0,0,1,Gaming
11.3734,23.7695,20.1089,44.734,5.992,0.0256,1.6409,462,138.6697,1,1,0,5,Browsing
81.0749,90.1314,4.296,66.8501,4.9343,-0.0109,17.5402,509,145.5941,1,0,1,4,Compiling
80.6366,91.4975,4.8824,63.5307,5.806,0.0038,10.8208,512,219.1178,1,0,0,4,Compiling
6.1967,16.201,21.6037,35.4187,0.4007,0.0115,5.1431,461,65.6926,1,1,0,3,Coding
86.2996,95.4314,5.6133,61.5654,5.6179,-0.0078,22.4957,501,187.306,1,1,1,4,Compiling
8.5164,19.0561,22.2578,35.7033,-0.8821,0.0146,5.6551,452,67.8734,1,0,0,3,Coding
71.0809,84.0517,2.714,73.9947,-0.3612,0.0224,3.0023,498,141.2412,0,0,0,1,Gaming
62.9466,67.9442,2.8377,65.4338,-0.2527,0.075,2.2687,453,143.8138,0,0,0,1,Gaming
91.5818,99.9321,2.8223,70.1843,5.4535,-0.0027,30.5979,507,173.3544,1,0,1,4,Compiling
6.8972,19.6824,22.5931,30.4893,0.6597,0.0072,4.806,454,66.8263,1,1,0,3,Coding
12.8861,21.7529,15.4198,51.726,2.6728,0.0296,1.7607,476,146.8602,1,1,0,5,Browsing
11.159,33.3152,10.5723,50.1964,0.6545,0.065,1.2308,468,131.8327,0,1,0,0,Video_Call
80.7099,89.7495,3.6873,64.3777,6.7518,0.0096,11.0182,525,167.1644,1,1,1,4,Compiling
9.8113,23.2665,14.1569,42.8938,1.2738,0.1028,1.3655,471,161.8951,0,1,0,0,Video_Call
4.7268,5.9226,1.3504,24.8412,0.0287,0.0079,1.6092,442,42.5101,1,0,0,2,Idle
73.3923,82.7922,4.1629,69.6979,5.6407,0.0138,21.4881,505,163.2252,1,0,0,4,Compiling
9.1452,27.0803,14.5765,40.7707,-0.0816,0.0793,0.8668,464,131.914,0,0,0,0,Video_Call
75.8671,81.7105,7.2478,60.7002,2.3316,-0.0127,26.6253,510,180.0127,1,0,1,4,Compiling
83.5016,91.4859,2.2719,57.4226,2.0951,-0.0056,24.0664,469,174.2285,1,0,1,4,Compiling
10.3622,25.8813,24.9287,31.0212,1.0057,0.0084,6.2268,466,60.5667,1,1,0,3,Coding
2.3631,5.7798,1.5746,30.8413,-0.0401,0.0067,0.014,433,46.1076,0,0,0,2,Idle
11.1685,19.426,14.1677,51.8121,1.4208,0.0817,1.6205,470,140.88,0,1,0,0,Video_Call
2.96,5.4691,1.3927,30.444,-0.3486,0.0065,0.7205,438,41.4483,0,0,0,2,Idle
83.5485,90.5828,3.7647,60.2662,5.6812,0.0178,23.532,487,137.9774,1,0,0,4,Compiling
84.1757,90.1966,3.9237,60.1033,1.5379,-0.0131,20.1206,508,200.4427,1,1,1,4,Compiling
55.4464,71.5954,4.0849,63.972,-0.4711,0.0457,1.8846,458,149.4541,0,0,0,1,Gaming
5.5893,18.4772,18.5108,32.8745,-2.3578,0.0093,4.9463,452,66.3525,1,1,0,3,Coding
9.6259,33.0343,19.7024,43.738,6.0607,0.0457,1.3855,462,96.1044,0,1,0,5,Browsing
74.4266,84.2824,4.6226,75.5737,0.4952,0.0541,0.4667,465,143.1385,0,0,0,1,Gaming
9.7654,22.4347,22.3603,34.6629,0.8144,0.0125,6.182,456,59.3139,1,1,0,3,Coding
80.0077,87.8888,5.826,64.2843,4.5497,-0.0075,25.3378,516,179.4206,0,1,1,4,Compiling
7.0291,20.9612,11.8985,48.6956,0.4917,0.0739,1.293,454,114.992,0,1,0,0,Video_Call
3.3521,4.9481,0.5601,31.1555,0.0499,0.0089,1.0088,445,51.5173,0,0,0,2,Idle
4.9526,6.9247,1.2387,30.675,0.5971,0.0112,0.836,451,30.6941,0,0,0,2,Idle
1.6355,3.8836,1.3987,27.9803,-0.2377,0.0043,0.583,435,40.4947,0,0,0,2,Idle
11.8506,23.2943,17.2153,42.8163,8.3618,0.0538,1.9144,456,111.8028,0,1,0,5,Browsing
2.9385,7.6422,1.5646,26.6972,-0.3912,-0.0002,0.8309,433,55.174,0,0,0,2,Idle
82.3462,87.6427,5.6729,48.3337,6.7685,-0.0035,19.7705,519,175.7638,1,0,1,4,Compiling
77.7462,91.2423,1.8339,82.7136,-0.2326,0.0457,0.953,461,159.0722,0,0,0,1,Gaming
2.9268,4.9594,1.5444,33.1839,-0.1675,0.0044,1.6828,441,44.0881,0,0,0,2,Idle
54.4639,60.3732,3.3401,71.2066,-0.0927,0.0179,3.0129,460,123.8002,0,0,0,1,Gaming
56.6551,72.1577,4.174,81.2709,-0.2861,0.0142,2.0986,487,160.1265,0,1,0,1,Gaming
82.454,89.9919,3.8891,71.0708,5.946,-0.0124,24.8217,506,183.7041,1,0,1,4,Compiling
82.7511,89.5079,3.8114,50.0288,6.9247,0.0016,20.4455,469,165.8003,1,1,1,4,Compiling
7.3715,17.3186,25.6937,34.6337,0.5434,0.0101,6.966,463,53.6465,0,1,0,3,Coding
68.3354,79.5893,2.618,71.4319,-0.4423,0.0473,2.1509,462,113.6414,0,0,0,1,Gaming
10.4291,22.9877,15.1758,43.9157,6.8929,0.0444,1.8751,444,106.4295,0,1,0,5,Browsing
3.3453,6.6973,1.1733,27.0187,-0.3781,0.0044,0.0,443,50.9866,0,0,0,2,Idle
70.957,81.3071,3.2406,75.1788,0.2422,0.0405,1.8557,473,146.9257,0,0,0,1,Gaming
67.9204,82.1467,1.5806,65.6233,-0.8513,0.0588,2.2065,464,144.9932,0,0,0,1,Gaming
5.5132,19.5518,16.5931,42.6462,5.9098,0.0407,1.8013,486,123.6095,0,1,0,5,Browsing
4.2047,17.2659,28.8806,43.5133,7.863,0.0572,1.9013,469,141.769,0,1,0,5,Browsing
74.386,83.1318,3.5773,64.7244,-0.1701,0.0379,0.2008,468,124.6595,0,0,0,1,Gaming
7.2865,17.5353,18.305,41.4517,3.7925,0.0368,2.2284,464,95.3152,0,1,0,5,Browsing
16.3854,37.239,14.2591,42.3114,-0.8525,0.0833,0.9446,458,145.9121,0,1,0,0,Video_Call
89.0513,95.7707,5.8117,63.8697,5.831,0.0,25.5424,516,161.1406,1,0,1,4,Compiling
8.4026,23.2707,14.8664,44.9313,5.2489,0.0972,1.0256,482,112.6617,0,1,0,0,Video_Call
11.2089,24.1987,21.8518,38.8258,0.7487,0.0107,5.7982,457,68.7455,1,1,0,3,Coding
2.4049,6.0703,1.3087,26.1704,0.1132,0.0057,1.1049,451,44.8015,0,0,0,2,Idle
56.3584,64.6785,2.7017,77.3084,0.4681,0.0334,1.8573,486,123.4395,0,0,0,1,Gaming
73.8784,81.0825,3.7125,56.4822,8.1137,-0.0044,25.7141,483,166.4327,1,0,1,4,Compiling
9.3299,18.5964,22.2135,34.3072,0.2414,0.0115,3.9361,455,62.3515,1,1,0,3,Coding
3.8225,6.0201,0.7982,29.7627,0.3536,0.0035,1.1389,439,57.3488,0,0,0,2,Idle
12.7372,25.2105,14.5295,49.2277,1.2035,0.091,1.5687,467,135.2032,1,1,0,0,Video_Call
8.4631,20.4832,16.4623,33.7049,0.3575,0.0104,5.2156,455,51.9205,1,1,0,3,Coding
70.5108,77.8642,3.5944,69.7851,3.6774,0.0127,24.0,492,152.9731,0,0,1,4,Compiling
5.4016,7.893,2.3205,28.6736,0.1402,0.003,0.5237,442,45.3046,0,0,0,2,Idle
85.9471,96.0904,5.4232,50.4409,4.4125,0.0212,27.7764,470,192.1456,1,0,1,4,Compiling
3.8166,5.0496,1.4253,27.8748,-0.0084,0.004,1.1881,444,48.8388,0,1,0,2,Idle
13.462,29.035,17.7882,57.6758,3.6457,0.0761,0.5897,461,137.1779,0,1,0,0,Video_Call
82.1519,92.9833,3.6943,71.907,3.8826,0.0006,21.3742,517,202.1349,1,0,1,4,Compiling
4.6336,16.0297,14.481,48.9588,-0.7113,0.0639,1.3416,480,134.0981,0,1,0,0,Video_Call
11.827,25.7426,21.4837,32.6412,-1.1069,0.0056,4.1092,455,55.4093,1,1,0,3,Coding
7.72,29.569,23.8512,44.6786,5.3174,0.0274,2.1987,470,113.2653,0,1,0,5,Browsing
64.8328,79.672,3.6756,73.277,0.1523,0.0097,0.4429,480,133.6991,0,0,0,1,Gaming
2.7118,4.5887,1.8496,31.0875,-0.0947,0.0006,0.5776,438,33.1053,0,0,0,2,Idle
3.201,7.564,1.7462,28.0471,0.2108,0.006,0.7115,447,46.8472,0,0,0,2,Idle
6.412,18.1776,24.7127,29.9801,7.3523,0.0391,1.4312,492,91.2566,0,1,0,5,Browsing
83.3502,93.6962,6.6461,61.594,5.0795,-0.005,19.6098,476,201.157,1,1,1,4,Compiling
11.8026,28.0959,20.7652,37.2014,1.4542,0.0375,2.3345,469,135.7976,1,1,0,3,Coding
3.9322,7.1727,1.1958,26.1067,-0.0495,0.007,0.5668,430,53.6157,0,0,0,2,Idle
63.6785,77.2915,2.7239,72.4125,-0.0498,0.0221,1.9229,462,114.4417,0,0,0,1,Gaming
61.4839,74.665,3.5303,60.4462,0.5768,0.0729,0.9869,504,131.9908,0,0,0,1,Gaming
73.9305,85.943,2.9673,76.6783,-0.3638,0.0509,3.101,486,139.4018,0,0,0,1,Gaming
6.8602,22.6407,21.5534,36.0247,0.0241,0.0092,4.3951,454,65.5276,1,1,0,3,Coding
9.763,23.5336,10.4278,47.8476,1.8809,0.1032,1.7658,443,130.7458,0,1,0,0,Video_Call
7.3927,18.1067,15.6986,33.5534,6.7705,0.0356,1.9945,485,135.1412,0,1,0,5,Browsing
10.8185,25.2374,15.613,50.757,0.4889,0.0581,1.1984,467,174.72,0,1,0,0,Video_Call
63.0791,70.9854,2.5394,81.8593,-0.2964,0.0686,2.8199,466,146.4065,0,0,0,1,Gaming
10.9401,22.6401,16.0237,48.2568,0.9047,0.1124,2.4454,477,125.8277,0,1,0,0,Video_Call
69.2367,79.6901,2.811,71.2595,-0.5191,0.0811,3.5019,484,133.0153,0,0,0,1,Gaming
11.3644,29.8531,16.2239,47.8734,1.4681,0.0727,1.9379,463,139.1984,0,1,0,0,Video_Call
76.753,85.4688,3.5745,55.6077,3.4955,0.0098,20.1559,474,149.3881,1,0,1,4,Compiling
80.9286,90.2504,5.957,55.0051,5.135,-0.016,16.7428,526,145.2402,0,0,1,4,Compiling
2.0578,3.8966,1.7724,31.7551,0.2881,0.0111,0.6751,433,52.0656,0,0,0,2,Idle
10.7257,23.9862,20.9331,37.2026,2.1314,0.008,6.6965,447,69.0711,1,1,0,3,Coding
9.7037,24.9463,11.6358,53.3162,1.712,0.09,1.8828,467,124.1349,0,1,0,0,Video_Call
8.1396,23.331,19.6887,31.2015,0.3798,0.0078,6.2943,455,64.6655,1,1,0,3,Coding
14.4363,27.1555,11.1832,49.4126,5.3742,0.0823,0.6546,465,133.2118,0,1,0,0,Video_Call
16.7725,28.4481,13.0899,49.1057,0.6491,0.1207,1.7674,482,128.1841,0,1,0,0,Video_Call
9.5281,19.3183,10.3678,40.598,2.1779,0.1062,1.3193,450,138.0518,0,0,0,0,Video_Call
9.7582,25.9569,16.382,29.9716,0.2997,0.0133,5.9311,460,65.6204,1,1,1,3,Coding
60.3502,72.1119,4.0163,71.6774,0.0957,0.0347,0.9513,461,114.537,0,0,0,1,Gaming
68.2019,77.1074,4.2779,80.3069,0.4443,0.0266,1.5313,462,125.9223,0,0,0,1,Gaming
81.1219,87.6489,3.5604,76.1154,3.6733,-0.0017,21.6801,490,195.9049,1,0,1,4,Compiling
69.7103,79.3674,4.8497,64.6465,-0.4119,0.0498,3.4374,472,119.1326,0,0,0,1,Gaming
80.4829,88.5336,4.2848,61.2891,6.5897,-0.003,16.7108,505,183.959,0,1,1,4,Compiling
10.5508,28.8775,18.1433,49.1077,1.1139,0.0918,1.3909,475,149.4098,0,1,0,0,Video_Call
9.7154,25.1936,14.2792,40.3603,1.7171,0.0992,0.8394,457,145.3944,0,1,0,0,Video_Call
78.2067,86.8276,3.2108,61.9095,4.9342,-0.0094,16.0593,505,156.4947,1,0,1,4,Compiling
11.0513,23.475,23.4711,33.658,6.0214,0.0482,2.0227,455,111.696,0,1,0,5,Browsing
6.0359,25.3723,19.3674,36.8288,4.0257,0.0641,2.5237,446,118.2574,0,1,0,5,Browsing
65.4693,79.2861,1.9053,65.3887,-0.5803,0.0509,2.3573,486,134.3763,0,0,0,1,Gaming
11.1928,19.1967,17.6999,44.8474,1.2129,0.1254,0.9326,472,136.984,0,1,0,0,Video_Call
80.1079,85.5628,4.2236,62.6732,6.2523,-0.0082,22.8309,534,168.6195,1,0,1,4,Compiling
4.23,6.3692,1.6698,25.5974,0.0403,0.0092,1.0717,448,58.4602,0,0,0,2,Idle
60.3727,72.7754,0.7475,72.7082,-0.1536,0.0593,1.5999,475,104.1048,0,0,0,1,Gaming
9.8041,24.2244,17.2485,46.9869,7.7835,0.1042,1.1874,465,127.5126,0,1,0,5,Browsing
81.4965,86.6037,6.943,65.8393,3.6898,0.0103,18.7306,465,171.2022,1,1,1,4,Compiling
9.0876,22.7412,26.5071,34.6044,-1.6709,0.0048,5.4518,451,60.7373,1,1,0,3,Coding
10.4847,25.7158,16.9281,41.9892,-0.5365,0.1172,1.0011,454,123.5839,0,1,0,0,Video_Call
10.0562,18.1541,21.9328,33.0225,-0.3394,0.0083,5.8634,460,61.5987,1,1,0,3,Coding
68.4597,83.1107,3.9323,70.7974,-0.3841,0.0737,1.8507,495,128.2256,0,0,0,1,Gaming
8.0893,23.4685,19.447,58.0137,5.6073,0.0349,1.7725,468,120.565,0,1,0,5,Browsing
3.4771,5.0811,1.084,27.719,-0.0018,0.007,0.8713,445,37.0879,0,0,0,2,Idle
53.2492,64.0828,2.3826,77.9955,-0.2866,0.0295,3.2262,485,136.2254,1,0,0,1,Gaming
88.5599,97.4712,3.3945,62.1157,6.1735,-0.0018,16.0506,490,192.2895,1,1,1,4,Compiling
9.6996,18.7872,21.6056,32.7768,-1.7112,0.0118,4.9824,458,58.0443,1,1,0,3,Coding
85.6775,90.7665,2.8523,60.3304,6.4925,-0.0015,22.0494,492,191.9614,1,0,1,4,Compiling
84.7205,89.7911,4.4475,66.2352,3.8282,0.0248,15.0048,511,189.4531,1,0,1,4,Compiling
2.9336,6.6036,0.4183,38.7885,-0.5302,0.0001,0.9218,441,49.1681,0,0,0,2,Idle
73.7051,81.4197,6.7179,71.5607,7.1859,0.002,27.4545,506,185.6542,1,1,1,4,Compiling
4.0387,7.3165,0.8248,31.101,-0.2844,0.0004,0.8284,443,49.3783,0,0,0,2,Idle
12.5505,31.9403,28.908,37.666,6.2222,0.0293,2.1347,479,122.5918,0,1,0,5,Browsing
3.9159,6.3488,1.4208,30.9076,0.0671,0.0036,0.4108,438,51.2997,0,0,0,2,Idle
5.7473,8.8531,0.0,29.1294,-0.2946,0.0042,0.8054,436,40.4905,0,0,0,2,Idle
6.4149,23.4273,20.9581,32.5769,-1.9022,0.0115,5.5362,459,54.1448,1,1,0,3,Coding
88.156,94.1796,5.9077,63.7918,5.768,0.0138,33.2422,504,183.3424,0,1,1,4,Compiling
9.0557,25.9532,21.7116,42.4329,2.7548,0.0804,0.8764,484,141.4631,0,1,0,0,Video_Call
48.447,65.0857,4.7885,68.2451,-0.2297,0.0478,1.1973,497,125.683,0,0,0,1,Gaming
3.2728,17.1982,18.6562,40.841,7.7996,0.0456,1.6948,478,140.9956,0,1,0,5,Browsing
7.1984,26.2221,11.3067,42.5366,1.5597,0.0795,1.1205,481,149.7521,0,1,0,0,Video_Call
10.0397,24.4672,23.4813,48.4015,4.7298,0.0437,0.8953,440,141.452,0,1,0,5,Browsing
43.4964,55.4526,2.6801,83.8118,-0.5482,0.0751,2.7044,481,121.897,0,0,0,1,Gaming
68.8686,77.1411,3.7906,73.7195,0.1001,0.0595,1.1075,459,151.1641,0,0,0,1,Gaming
3.3527,27.1335,18.4373,41.7841,0.5064,0.0557,2.0424,496,121.8709,0,1,0,0,Video_Call
54.3667,67.3831,3.4723,71.3246,-0.1733,0.0624,1.4372,475,150.3447,0,1,0,1,Gaming
2.7351,4.829,1.2484,26.4886,-0.4681,0.0046,0.7689,443,53.7026,0,0,0,2,Idle
59.1935,68.1552,3.702,68.93,-0.3261,0.0177,1.6055,471,143.798,0,0,0,1,Gaming
10.6215,27.3283,23.4979,33.1881,0.9845,0.0142,4.3674,449,54.4426,1,1,1,3,Coding
79.5366,87.1568,3.4658,63.1081,2.1981,-0.0043,13.2896,498,176.06,1,0,1,4,Compiling
9.6337,26.4986,15.9889,54.5055,-2.7014,0.1033,1.1007,465,150.4774,0,1,0,0,Video_Call
9.8531,24.7815,21.7944,51.6113,5.1953,0.009,1.1048,472,108.0834,0,1,0,5,Browsing
84.5212,91.9621,3.6195,60.7126,6.7537,0.0112,27.9862,546,216.3423,1,1,1,4,Compiling
2.6573,4.6017,0.0627,28.6486,-0.1982,0.0026,0.5669,435,54.4042,0,0,0,2,Idle
68.7776,77.2329,3.538,66.284,-0.0076,0.0393,1.8438,482,146.4753,0,0,0,1,Gaming
9.5796,22.1512,12.0736,52.8641,3.1828,0.0931,0.8157,469,115.5281,0,1,0,0,Video_Call
3.9879,5.9197,0.7164,30.5203,0.5435,0.0125,1.1173,434,55.4516,0,0,0,2,Idle
8.2751,15.9549,20.4307,32.8048,-0.3082,0.0057,6.3847,457,65.0017,1,1,0,3,Coding
4.4265,6.3656,1.767,30.5374,-0.2598,0.005,1.3762,436,36.7425,0,0,0,2,Idle
9.5895,21.6303,20.2638,37.1491,1.4126,0.008,5.4763,458,64.5954,1,1,0,3,Coding
9.4834,20.6436,14.8439,53.9981,6.2712,0.057,2.6035,492,131.2717,0,1,0,5,Browsing
8.7005,18.399,21.8231,36.9772,-0.4076,0.0049,5.3444,450,67.2319,1,1,0,3,Coding
11.3169,23.0194,16.8156,54.7787,2.3724,0.0942,1.0139,476,138.4085,0,1,0,0,Video_Call
11.6135,25.2919,22.4442,41.9517,9.9587,0.0647,1.9892,494,106.1407,0,1,0,5,Browsing
5.148,26.6236,13.6402,49.308,4.5935,0.0731,1.3701,470,149.7567,0,1,0,0,Video_Call
3.7378,18.839,16.1428,35.1011,3.8056,0.0326,1.2184,462,132.2833,0,1,0,5,Browsing
11.5453,29.5975,10.7554,43.8075,4.1785,0.034,1.2009,480,129.5312,0,1,0,5,Browsing
7.066,21.4194,21.453,34.3321,-0.6931,0.0076,5.7793,454,67.0297,1,1,0,3,Coding
63.6713,76.7432,4.0566,74.1449,0.179,0.0391,2.9576,440,162.3661,0,1,0,1,Gaming
8.5313,21.3762,24.0965,37.9906,1.0126,0.0079,5.7897,449,62.058,1,1,0,3,Coding
2.9625,5.7325,1.4627,22.9617,-0.3705,0.0055,1.205,446,54.8646,0,1,0,2,Idle
80.6461,89.9892,1.4155,59.3327,4.5426,0.0008,17.2888,479,136.7386,1,0,1,4,Compiling
3.5335,6.2868,1.0422,32.1709,0.2323,0.0143,1.048,437,43.6292,0,0,0,2,Idle
3.7106,6.3654,0.5631,27.3041,0.6266,0.007,0.5611,445,49.4463,0,0,0,2,Idle
71.9154,84.3871,0.6338,69.1994,-0.5067,0.0401,1.7413,463,134.6856,0,0,0,1,Gaming
1.5702,4.1105,0.5714,25.8666,-0.4186,0.0083,0.7257,447,55.1618,0,0,0,2,Idle
6.796,23.5273,24.0953,28.8803,0.1454,0.0106,6.792,445,65.1829,1,1,0,3,Coding
6.7272,20.2954,18.8752,30.3932,-0.072,0.0103,6.2121,462,60.3392,1,0,0,3,Coding
3.4701,7.5632,1.2576,28.4512,-0.4514,0.0044,1.3693,448,51.1333,0,0,0,2,Idle
79.4407,88.4041,2.5292,67.2807,6.7346,-0.0011,15.8442,505,194.2106,1,0,1,4,Compiling
10.9876,28.1765,25.5507,33.3326,0.7604,0.0066,4.4365,459,54.8686,1,1,1,3,Coding
2.0928,5.4485,2.0397,29.6272,0.8375,0.0087,1.6004,440,41.692,0,0,0,2,Idle
3.0916,13.5609,13.1336,45.8388,5.3028,0.0488,0.6965,418,111.662,1,1,0,5,Browsing
10.5101,17.3412,18.8874,48.881,6.1243,0.0224,2.5916,500,156.6411,0,1,0,5,Browsing
11.804,23.0465,13.788,46.6216,0.6902,0.1034,1.0941,483,128.4541,0,1,0,0,Video_Call
80.6158,89.1491,3.2061,54.5727,4.3654,-0.0141,21.1082,518,191.613,1,0,1,4,Compiling
3.4462,6.9358,0.8359,27.6673,0.595,0.0056,0.2408,439,39.5829,0,0,0,2,Idle
62.1523,68.2982,3.3535,79.085,0.0199,0.0552,1.8181,471,142.2611,0,0,0,1,Gaming
8.7015,25.257,15.4906,30.8351,9.1688,0.062,1.0913,474,103.1917,0,1,0,5,Browsing
13.8186,24.3602,11.55,49.0858,3.8847,0.0316,2.2268,446,94.7576,0,1,0,5,Browsing
85.7615,97.7344,1.6713,79.9229,0.0938,0.0149,1.9642,469,136.0633,0,0,0,1,Gaming
2.3086,5.3702,0.8848,27.2283,-0.2593,0.006,0.0,444,48.0435,0,0,0,2,Idle
85.9288,92.7057,3.218,64.0919,2.3843,-0.0192,27.0044,518,201.0954,1,0,1,4,Compiling
62.6697,76.342,3.0442,78.1355,0.0594,0.0713,2.9327,462,143.2089,0,0,0,1,Gaming
3.0997,5.4057,1.3285,23.7968,0.0265,0.0024,0.4281,426,44.3427,0,0,0,2,Idle
7.078,23.3551,13.2097,44.6834,4.4818,0.0508,1.9085,463,119.1937,0,1,0,5,Browsing
8.1283,24.8216,19.9128,44.5793,-0.4765,0.0761,1.2591,464,140.1596,0,1,0,0,Video_Call
8.1244,21.2593,25.2505,41.2597,6.5295,0.0473,2.3353,472,106.6707,0,1,0,5,Browsing
8.5839,22.7746,17.0641,35.7309,-0.7085,0.0889,0.9283,478,124.5674,1,1,0,0,Video_Call
3.2721,7.5134,1.1419,27.618,0.3883,-0.0038,0.8849,434,46.9105,0,0,0,2,Idle
7.6614,18.0089,25.9526,31.7388,0.546,0.0108,5.4797,449,63.6404,1,1,0,3,Coding
2.7093,4.873,1.415,27.3404,0.3918,0.0058,1.5261,448,50.3095,0,0,0,2,Idle
4.8368,18.9488,9.7121,48.8739,3.5729,0.066,1.2923,473,130.6667,0,1,0,0,Video_Call
79.155,86.9056,3.4764,64.4306,6.2521,-0.0139,25.836,478,198.6741,1,0,1,4,Compiling
78.1367,83.6465,4.3022,76.1221,0.2342,0.0371,1.2825,466,133.3363,0,1,0,1,Gaming
7.6952,15.652,21.118,37.587,0.0243,0.0092,4.7154,451,64.7258,1,1,0,3,Coding
62.5731,76.977,1.5675,75.9803,-0.1661,0.048,2.2622,474,139.0339,0,0,0,1,Gaming
9.7892,22.7055,21.3288,56.9669,2.7113,0.0468,1.7174,489,118.0384,0,1,0,5,Browsing
10.1805,31.4832,15.313,47.6034,3.1035,0.0904,0.7283,461,158.9752,0,1,0,0,Video_Call
69.46,81.0223,3.1461,69.9595,-0.2412,0.0203,2.2241,466,130.9652,0,0,0,1,Gaming
2.3398,4.2417,1.0691,26.9806,0.0615,0.0055,0.4745,454,38.6476,0,0,0,2,Idle
2.906,3.931,1.3372,30.7848,0.0821,0.0028,0.912,433,42.4327,0,0,0,2,Idle
62.8522,78.0751,3.8605,70.412,-0.4245,0.0557,2.1365,463,115.9826,0,0,0,1,Gaming
6.2381,18.9354,14.2241,51.5535,2.7219,0.0781,1.1457,479,143.9528,0,1,0,0,Video_Call
73.7922,86.5276,3.875,70.09,-1.0331,0.0231,2.4852,483,150.5914,0,0,0,1,Gaming
48.8131,62.2653,2.9184,74.6824,-0.1898,0.0307,2.6085,463,103.6346,0,0,0,1,Gaming
2.3922,6.6296,1.0786,27.7001,0.9709,0.0056,1.3482,448,36.9164,0,0,0,2,Idle
3.8915,15.2546,6.6128,36.8652,7.7356,0.0225,2.5138,454,138.1777,0,1,0,5,Browsing
4.0641,15.3646,19.7972,48.7239,0.8893,0.0552,2.2104,478,97.4114,0,1,0,0,Video_Call
85.8382,92.2308,6.8441,54.4739,5.8028,0.0031,21.0522,487,174.7965,1,0,1,4,Compiling
4.5966,8.9119,1.195,25.4159,-0.0864,0.0089,1.0712,450,58.5496,0,0,0,2,Idle
13.2749,30.1431,16.9976,45.4748,-1.2156,0.0331,1.561,453,123.2735,0,1,0,0,Video_Call
3.9363,7.5785,1.3571,27.8297,-0.3082,0.0073,0.3713,447,51.2852,0,0,0,2,Idle
7.9772,16.7267,19.1452,39.1429,0.3622,0.0116,5.967,457,64.236,1,1,0,3,Coding
88.6248,96.2103,5.3096,60.1301,2.269,0.0065,23.1167,466,196.0606,1,0,1,4,Compiling
4.5178,20.7872,20.15,34.6735,-0.0442,0.0072,6.5553,449,63.4679,1,1,0,3,Coding
62.6009,70.9811,3.8557,67.4286,-1.2031,0.0262,1.9691,471,135.6162,0,0,0,1,Gaming
6.1406,20.53,14.0097,42.3866,9.7267,0.0481,1.3984,471,94.0086,0,1,0,5,Browsing
7.5632,23.9326,21.494,48.5637,8.2993,0.0422,2.0654,471,105.4712,0,1,0,5,Browsing
7.831,19.9863,20.6431,49.5312,3.9519,0.1085,1.4364,469,116.3598,0,1,0,0,Video_Call
73.0249,86.7208,2.676,74.1174,0.1381,0.076,1.3306,442,118.013,1,0,0,1,Gaming
7.0451,16.3968,20.5406,31.2021,0.4378,0.0115,5.0672,448,50.904,1,1,0,3,Coding
80.466,86.9023,3.807,60.3706,7.6443,-0.0102,32.8405,511,149.3146,1,1,1,4,Compiling
73.5609,86.2701,3.257,74.0318,-0.3789,0.0351,2.9227,474,151.3806,0,0,0,1,Gaming
74.9685,82.076,4.3234,57.2196,4.283,-0.0004,17.2445,521,185.1361,1,0,1,4,Compiling
7.433,20.2861,18.5441,31.1432,-1.4203,0.0142,5.1592,460,56.7272,1,0,0,3,Coding
4.52,6.3547,2.3654,32.4549,-0.9474,0.0102,0.2856,431,42.8124,0,0,0,2,Idle
9.4478,21.9406,15.6252,58.6465,3.8487,0.0537,0.7357,482,134.9814,1,1,0,5,Browsing
2.7922,4.5458,1.3423,30.0458,-0.1965,0.002,0.9392,437,40.7591,0,1,0,2,Idle
3.1833,5.1602,0.8645,32.512,-0.5922,-0.0007,1.413,450,49.486,0,0,0,2,Idle
9.283,27.2875,25.3341,29.9731,0.9729,0.0123,5.5202,457,59.7487,1,0,0,3,Coding
81.3699,87.4768,7.088,54.7385,1.1766,0.0029,18.3559,497,140.0548,1,0,1,4,Compiling
86.0546,92.5011,5.7995,73.7089,2.7448,0.0082,11.8289,489,138.1181,1,0,1,4,Compiling
7.5968,18.8069,19.2323,33.8975,1.6678,0.0065,4.5752,455,59.0898,1,0,0,3,Coding
10.8354,21.6355,11.1892,40.7938,3.1786,0.0662,0.9107,471,131.3109,0,1,0,0,Video_Call
71.4818,85.7194,3.7737,76.2226,0.3075,0.0603,1.1684,483,136.4348,0,0,0,1,Gaming
88.0888,96.8833,4.4428,61.6326,7.2823,0.0167,21.5063,475,183.8447,1,0,1,4,Compiling
4.9622,7.2716,0.6184,30.9838,-0.0213,-0.0021,1.0942,434,55.6521,0,0,0,2,Idle
7.7098,20.5563,19.0452,27.8186,-0.1053,0.0093,5.3554,453,67.8568,1,1,0,3,Coding
9.0312,20.4343,24.8938,55.2498,5.7273,0.0302,0.8181,465,125.0993,0,1,0,5,Browsing
10.0026,25.5239,20.643,34.6225,0.6304,0.0139,5.49,455,61.0147,1,0,0,3,Coding
11.6896,30.5652,18.6804,52.9368,2.599,0.1248,0.9758,468,149.3927,0,1,0,0,Video_Call
71.0134,86.1386,4.4423,65.3716,0.3637,0.0309,1.8008,468,164.9131,0,0,0,1,Gaming
82.3068,89.1831,3.5298,50.866,4.0787,-0.0091,24.0639,497,174.7812,0,0,1,4,Compiling
8.9561,20.9225,20.8346,30.1978,-0.673,0.01,4.0569,458,60.6086,1,1,0,3,Coding
13.576,31.563,14.4672,48.471,3.4369,0.1032,1.0641,484,128.4131,0,1,0,0,Video_Call
3.7285,5.8169,1.1512,28.5272,0.143,0.0062,0.8847,447,46.4045,0,0,0,2,Idle
10.4556,24.1029,17.2593,47.486,5.952,0.0504,2.0911,463,102.375,0,1,0,5,Browsing
64.7321,74.5207,1.0118,76.2799,-0.6083,0.0422,2.5668,454,142.9198,0,0,0,1,Gaming
81.6675,93.2031,5.9067,68.8926,2.6648,-0.0062,21.5296,478,197.4879,0,1,1,4,Compiling
3.983,6.7662,1.4648,29.3,-1.2707,0.0053,0.8376,436,39.0482,0,0,0,2,Idle
79.2938,86.983,4.6471,59.7472,2.522,-0.0041,18.0454,523,187.3906,1,0,1,4,Compiling
64.394,80.8086,2.6171,69.7009,0.1361,0.0148,1.3283,484,166.8305,0,0,0,1,Gaming
3.5983,7.0154,1.7464,24.8036,0.0206,0.0049,0.3722,429,46.5989,0,0,0,2,Idle
3.7614,6.4293,1.7424,32.6801,0.1095,0.001,1.1614,445,54.3616,0,0,0,2,Idle
10.936,24.567,16.9952,46.3395,6.666,0.0634,1.8206,462,130.5283,0,1,0,5,Browsing
81.4802,89.6925,6.8494,64.9244,2.4588,0.0027,28.153,466,208.7169,1,0,1,4,Compiling
4.3675,7.1662,1.3003,26.6792,-0.4488,0.0046,0.7575,433,57.4075,0,1,0,2,Idle
10.7575,27.0822,19.6373,49.3908,1.0644,0.104,0.7408,466,142.4726,0,0,0,0,Video_Call
11.8943,28.2297,15.1624,43.4546,2.7028,0.0469,2.4778,463,117.5685,0,1,0,0,Video_Call
64.7988,74.2287,2.9819,73.9446,0.4385,0.0234,0.5463,491,113.7438,0,0,0,1,Gaming
9.888,33.8182,19.7456,41.5113,1.7316,0.0874,2.0892,467,125.5553,1,1,0,0,Video_Call
12.3578,18.0607,14.4967,41.9068,3.2149,0.0536,1.7298,467,101.2256,0,1,0,5,Browsing
7.7194,18.4238,14.9899,48.8156,5.8305,0.0307,1.5319,473,122.4194,0,1,0,5,Browsing
8.676,24.7346,16.7307,47.9057,0.2689,0.0528,0.9864,466,133.2731,0,1,0,0,Video_Call
10.9004,27.4655,21.0533,41.0757,7.3676,0.012,2.907,446,111.8314,0,1,0,5,Browsing
5.5408,19.9726,23.3794,32.6854,0.6714,0.012,6.0432,457,58.953,1,0,0,3,Coding
78.2185,84.437,1.9404,65.9405,8.1212,-0.004,10.575,521,218.3141,1,0,1,4,Compiling
10.0975,18.1584,19.9582,36.0546,0.9723,0.0119,5.9823,454,53.1027,1,1,0,3,Coding
69.5002,83.7294,2.7733,66.6364,-0.4831,0.0402,1.7911,493,87.4963,0,0,0,1,Gaming
80.5542,85.4568,7.1406,67.1053,6.4597,-0.0176,16.7982,487,141.8051,1,0,1,4,Compiling
9.9961,24.0807,24.3946,33.186,1.9871,0.0086,6.3247,453,59.2457,1,0,0,3,Coding
78.0343,87.1179,3.708,70.6422,-0.4243,0.0571,3.6456,458,140.1283,0,0,0,1,Gaming
13.8093,29.628,12.7811,48.5088,2.7019,0.093,0.6284,470,154.6684,0,1,0,0,Video_Call
11.6514,25.8882,19.3585,47.821,3.8668,0.1076,0.2183,476,158.0956,0,1,0,0,Video_Call
4.9351,19.5634,15.8789,46.6888,2.2201,0.0761,1.4957,472,115.6452,0,1,0,0,Video_Call
7.3078,20.3484,16.0736,31.589,-0.35,0.0074,4.8718,457,63.4216,1,1,0,3,Coding
89.4067,99.6025,5.3344,64.7846,1.7101,0.0039,21.5177,488,188.6731,1,0,1,4,Compiling
66.4906,78.2732,4.0971,70.3188,-0.4367,0.0591,1.0042,479,121.4164,1,0,0,1,Gaming
6.4649,24.7877,18.8834,63.6465,6.4898,0.0439,1.7769,457,107.6258,1,1,0,5,Browsing
85.292,93.2799,5.5694,58.412,8.2342,0.0017,17.882,521,197.9498,1,0,1,4,Compiling
9.8574,24.7678,15.5692,31.512,-0.5396,0.0116,5.7642,454,64.0114,1,1,0,3,Coding
7.836,21.3134,25.7634,38.857,2.743,0.0302,2.4026,458,120.7851,0,1,0,5,Browsing
13.0949,25.9305,23.6784,33.7872,3.7861,0.0196,1.3403,462,75.0915,0,1,0,5,Browsing
10.5182,26.3103,14.7083,44.0774,0.7594,0.0738,1.3589,475,137.5034,0,1,0,0,Video_Call
85.8796,93.9862,5.2096,63.068,3.0353,-0.0138,26.9219,510,184.5367,1,0,1,4,Compiling
65.0557,79.5471,2.7741,67.0461,0.0131,0.0497,2.9635,470,111.5694,0,0,0,1,Gaming
7.5413,13.9824,19.9969,23.5672,1.3368,0.01,5.5627,456,60.5623,1,1,0,3,Coding
3.3254,4.6117,0.7018,30.1673,-0.0029,0.0105,0.8842,453,54.8622,0,0,0,2,Idle
10.5631,21.7137,17.5369,43.3833,1.0777,0.0521,1.7363,507,120.5255,0,1,0,0,Video_Call
12.6638,26.5265,22.3718,34.3631,1.5473,0.0091,5.2614,459,62.6156,1,0,0,3,Coding
3.9998,5.9083,1.4054,29.7725,-0.21,0.0045,0.2687,445,52.007,0,1,0,2,Idle
65.7761,82.651,3.4903,69.1749,-0.6996,0.0581,0.2895,501,148.2291,0,0,0,1,Gaming
3.471,5.0072,0.899,28.969,0.0871,0.0026,0.6237,431,44.5545,0,0,0,2,Idle
10.2723,28.7169,16.5416,49.2437,1.167,0.0628,1.0221,461,108.7835,0,1,0,0,Video_Call
7.9811,19.3028,23.1014,32.6643,0.0821,0.0077,5.1586,452,66.2671,0,1,0,3,Coding
60.943,70.1621,0.7632,75.1509,0.7856,0.0426,2.5729,483,115.7262,0,0,0,1,Gaming
85.5212,96.05,4.3703,67.3492,6.4162,-0.0093,22.9096,484,170.9162,1,0,1,4,Compiling
10.551,22.4074,15.686,46.0912,7.3802,0.0514,2.1454,472,132.5968,0,1,0,5,Browsing
6.7832,19.1252,22.1054,33.9368,-0.3661,0.01,6.1248,462,51.0926,1,1,0,3,Coding
80.6962,88.5946,6.4637,65.1296,6.495,-0.0033,23.0322,492,173.4721,1,0,1,4,Compiling
7.4921,24.6433,18.5416,38.9785,0.9979,0.0945,1.5095,479,127.3622,0,1,0,0,Video_Call
9.6556,23.288,8.4618,54.3491,1.5617,0.09,0.4584,463,126.2347,0,1,0,0,Video_Call
9.5269,24.9923,28.0382,53.6663,6.0494,0.0499,1.8232,473,150.3148,0,1,0,5,Browsing
4.7082,7.147,0.5589,30.4091,0.6985,0.006,0.4859,432,35.2223,0,0,0,2,Idle
8.6962,26.7497,20.4767,37.1724,-0.2795,0.0155,5.0893,448,63.1914,0,1,0,3,Coding
82.1179,88.1443,6.1479,55.973,6.3857,0.0233,19.1748,483,196.666,1,0,1,4,Compiling
6.3922,22.1803,22.1889,45.7337,6.2033,0.0352,2.52,451,106.533,0,1,0,5,Browsing
66.7789,75.6076,3.5783,78.5622,0.3503,0.0118,3.1309,468,117.1339,0,0,0,1,Gaming
76.494,85.6736,5.8168,56.9765,5.8683,-0.0044,26.2356,484,217.5317,1,1,1,4,Compiling
12.8009,33.4195,13.9975,45.6981,3.3976,0.0635,1.5117,475,103.9436,1,1,0,0,Video_Call
84.5793,89.8797,5.0968,61.9801,5.4706,0.0048,26.7547,498,160.2701,1,0,1,4,Compiling
85.1852,90.0334,2.8114,52.2683,3.9863,-0.012,25.9186,502,185.7519,1,0,1,4,Compiling
7.0795,21.727,15.4688,50.1553,0.8494,0.078,1.3421,475,133.7099,1,1,0,0,Video_Call
86.2944,91.2998,4.6542,60.641,5.5188,0.0124,24.7237,516,162.4639,1,0,1,4,Compiling
82.5896,86.8597,3.4375,66.1545,6.6706,0.0084,14.1088,484,179.3292,1,0,1,4,Compiling
64.3355,78.7045,2.2428,70.436,0.0438,0.0508,1.6086,496,130.5136,0,0,0,1,Gaming
2.915,6.1206,1.455,32.474,-0.3659,0.0068,1.2343,424,50.5758,1,0,0,2,Idle
5.9077,23.0591,12.8512,40.8693,7.6367,0.0443,1.3137,434,134.517,0,1,0,5,Browsing
2.2816,4.9825,1.5261,32.2582,0.1477,0.0002,1.0162,440,41.1347,0,0,0,2,Idle
7.9865,21.5996,23.5096,30.8382,-1.5822,0.013,5.2685,449,62.5784,0,1,0,3,Coding
88.2543,95.8161,4.9562,53.1779,7.0417,-0.0135,23.7216,498,181.3107,1,1,1,4,Compiling
74.8852,84.5345,5.8389,65.202,6.4671,0.0099,22.6776,483,222.0514,1,0,1,4,Compiling
6.7143,17.2027,21.3176,36.2439,-0.9758,0.0149,4.1528,451,64.8195,1,1,0,3,Coding
73.0447,81.4937,3.9396,73.2633,6.2397,-0.0038,21.4681,491,172.9728,1,1,1,4,Compiling
8.3555,26.7331,16.571,41.8507,6.4955,0.0224,2.5039,463,123.4578,0,1,0,5,Browsing
3.9198,6.394,0.8752,27.5754,-0.6788,0.0069,0.4662,436,50.0571,0,0,0,2,Idle
6.8005,16.5792,18.4471,38.0566,-0.6179,0.0689,2.19,458,117.869,0,1,0,0,Video_Call
87.1273,94.1185,5.227,63.5735,5.9393,0.0037,20.3127,496,185.8144,1,0,1,4,Compiling
81.7126,91.0476,4.4122,65.7653,8.4599,0.0194,34.101,496,187.6865,1,1,1,4,Compiling
74.2977,82.784,4.8285,64.6899,1.0214,-0.0082,24.9909,516,147.8125,1,0,1,4,Compiling
82.273,85.7701,2.9941,63.0046,5.8276,-0.0142,23.8592,496,175.3637,1,1,1,4,Compiling
83.9252,92.2662,5.6538,59.8818,3.7886,-0.0075,17.622,513,190.5962,1,0,1,4,Compiling
2.9775,3.9735,1.37,26.2922,-0.5381,0.0114,1.0673,435,48.3142,0,0,0,2,Idle
57.4625,71.711,2.8377,71.514,0.018,0.0631,2.3145,456,157.4824,0,0,0,1,Gaming
76.4089,86.6775,3.8498,66.9118,4.3799,-0.022,18.3583,493,164.308,1,0,1,4,Compiling
8.582,20.2404,22.2498,31.017,0.8505,0.0115,6.2112,458,59.8464,1,1,0,3,Coding
9.8691,18.7271,21.6247,25.375,0.844,0.0033,5.6914,456,63.7021,1,1,0,3,Coding
9.322,27.6,20.9328,32.016,-0.6656,0.0041,4.326,455,54.0896,1,1,0,3,Coding
66.9578,75.8366,2.7722,56.7358,0.057,0.0192,1.5705,471,124.8287,1,0,0,1,Gaming
7.8597,23.9427,15.4565,48.7644,1.3966,0.1027,1.0409,479,136.9679,0,1,0,0,Video_Call
9.6386,17.2758,20.3654,41.9719,2.8552,0.0782,1.001,488,132.3971,0,1,0,0,Video_Call
8.724,27.0839,18.3284,35.8497,0.1218,0.0047,5.5751,451,59.2993,1,0,0,3,Coding
64.0526,76.448,1.7649,74.1108,-0.1348,0.018,2.0499,472,132.9912,0,0,0,1,Gaming
8.8741,21.4146,26.3436,35.9118,2.1756,0.0091,4.6655,462,64.7071,1,0,0,3,Coding
55.2585,63.055,2.5482,76.1925,0.2023,0.0406,2.2341,485,138.0603,0,1,0,1,Gaming
7.0077,21.006,25.6339,31.7519,0.6279,0.0091,4.4458,459,52.8409,1,1,0,3,Coding
79.4505,84.6295,5.5154,65.2607,5.7587,0.0074,30.7084,491,137.8383,1,0,1,4,Compiling
8.2251,21.2821,10.6364,39.161,8.1712,0.0288,1.4276,449,124.7825,0,1,0,5,Browsing
79.7418,89.9062,5.575,67.4261,4.7112,0.0156,16.6511,529,201.5966,0,0,1,4,Compiling
7.7048,16.7275,22.3823,32.3342,-0.2487,0.0081,4.7928,454,57.3518,1,1,0,3,Coding
13.0624,25.3644,20.3202,41.8304,8.8101,0.046,2.5377,493,139.002,0,1,0,5,Browsing
46.5232,57.9161,3.4665,71.7565,-0.1159,0.0629,2.3571,482,111.2146,0,0,0,1,Gaming
59.3994,69.8658,3.8595,76.5696,-0.1933,0.0246,2.269,464,145.2255,0,0,0,1,Gaming
3.7106,4.5406,1.7377,29.1983,-0.5157,0.0063,0.9959,442,54.7485,0,0,0,2,Idle
7.7044,22.5551,15.8549,30.4291,0.4109,0.0054,6.6208,461,57.6904,1,1,0,3,Coding
9.8088,19.9869,23.7651,52.5334,6.6068,0.0438,1.7939,426,93.1712,0,1,0,5,Browsing
85.865,92.4484,2.2945,56.8626,4.0496,-0.0048,27.9074,477,170.6635,1,0,1,4,Compiling
3.5679,6.6486,1.4998,27.4223,0.3696,0.0109,1.0043,445,41.8892,0,0,0,2,Idle
2.9872,3.9525,1.2984,29.1484,0.3659,0.0072,0.2753,445,43.4068,0,0,0,2,Idle
85.5718,94.1995,5.8775,56.4478,4.8878,-0.0114,13.5105,500,145.9184,1,0,1,4,Compiling
78.1673,89.7744,6.3486,58.3391,5.9549,-0.0042,16.5524,504,160.0049,1,0,1,4,Compiling
10.0535,19.0106,21.8171,34.192,0.0419,0.0086,6.0123,452,68.9499,1,1,0,3,Coding
73.9085,84.6705,2.8915,73.9768,-0.123,0.0259,2.4802,508,147.0393,0,0,0,1,Gaming
67.8765,76.4989,2.5414,70.8157,0.0254,0.0345,0.6947,489,173.4186,0,0,0,1,Gaming
4.0138,6.6089,0.2225,30.7645,0.0869,0.0137,0.5116,452,38.8389,1,0,0,2,Idle
2.4156,4.8813,1.2066,31.9474,-0.0701,0.0042,0.6029,439,44.1436,0,0,0,2,Idle
10.3404,20.261,18.2756,31.4042,-0.8758,0.0104,5.6673,459,63.5408,1,1,0,3,Coding
9.6289,21.2311,20.5246,42.9564,3.0644,0.0412,1.1474,476,119.3321,0,1,0,5,Browsing
69.5345,82.3384,2.842,73.7449,0.5872,0.0337,0.6725,453,146.4694,0,0,0,1,Gaming
5.2457,6.0648,1.6953,31.7741,0.6134,0.0078,0.8208,437,39.5109,0,0,0,2,Idle
88.8022,98.961,5.5983,64.0314,1.2771,-0.013,22.1716,519,144.3142,1,0,0,4,Compiling
6.4419,15.9776,22.8338,25.4194,0.5206,0.0048,6.2959,454,65.6562,1,1,0,3,Coding
9.3305,22.6749,23.4855,32.5313,0.4078,0.0119,4.4413,453,57.4907,0,1,0,3,Coding
84.5805,88.1492,5.0755,58.3281,3.5235,0.0067,19.3275,519,183.5759,1,0,1,4,Compiling
80.2286,86.7951,6.1206,64.027,6.0283,0.0239,16.9483,498,138.5782,1,0,1,4,Compiling
60.7268,75.6129,4.3555,74.3386,-0.0157,0.0389,2.9739,448,128.7785,0,1,0,1,Gaming
9.1953,21.2397,18.535,33.7956,0.534,0.006,5.6793,450,62.5079,1,0,0,3,Coding
5.2493,16.1837,23.0146,30.7079,-1.1515,0.0067,5.1105,466,54.5285,1,1,0,3,Coding
52.967,66.5299,2.6333,76.4559,0.455,0.0582,2.0707,474,154.478,0,0,0,1,Gaming
67.7447,81.468,3.976,72.9664,0.927,0.0572,3.0768,484,118.8835,0,0,0,1,Gaming
6.9414,23.6977,14.8131,42.3414,6.0381,0.0532,1.7343,479,121.2977,1,1,0,5,Browsing
78.9889,83.4093,1.4391,71.9521,0.4644,0.0496,2.3653,464,144.1227,0,0,0,1,Gaming
8.7917,25.7916,11.0833,54.5455,1.3576,0.1347,1.3401,473,132.6017,0,1,0,0,Video_Call
6.9485,20.4236,16.7385,50.8375,1.5415,0.1198,1.0721,475,138.0279,0,1,0,0,Video_Call
4.4211,7.5996,0.6582,31.002,-0.0103,0.0035,0.6168,451,37.4638,0,0,0,2,Idle
8.2484,27.9388,17.0727,54.3089,1.7258,0.0897,1.2796,444,142.7692,0,1,0,0,Video_Call
9.9086,23.2422,20.7502,37.7504,1.5548,0.0126,4.9042,451,67.6614,1,1,0,3,Coding
9.9964,16.0321,23.6278,45.2166,5.8663,0.0412,0.6187,470,131.7903,0,1,0,5,Browsing
11.2038,22.9521,19.9123,38.2711,1.3319,0.0084,5.849,454,60.189,1,1,0,3,Coding
78.7265,83.6348,5.6958,53.5164,5.1534,0.0134,25.3267,517,145.5826,1,0,1,4,Compiling
7.6694,25.0117,14.0817,52.0808,5.6761,0.0498,1.6687,482,99.6458,1,1,0,5,Browsing
